jugg_price_rank,internal_player_id,fantasypros_id,player_name,position,nfl_team,expected_jugg_price_if_drafted,uncalibrated_model_price,price_range_low,price_range_high,range_basis,draft_probability,draft_likelihood,espn_salary_cap_value,adp_espn,adp_yahoo,projected_points_jugg,prior_jugg_salary,missing_inputs
1,nfl:gsis:00-0039139,22968,Jahmyr Gibbs,RB,DET,74.5,73.7,68.4,80.7,historical_forward_error_p80:RB,0.9658,very_likely,57,1.0,1.0,301.624,62,
2,nfl:gsis:00-0038542,23133,Bijan Robinson,RB,ATL,71.4,70.5,65.2,77.5,historical_forward_error_p80:RB,0.9657,very_likely,56,2.0,2.0,290.24,68,
3,nfl:gsis:00-0036900,19788,Ja'Marr Chase,WR,CIN,64.6,63.8,57.8,71.3,historical_forward_error_p80:WR,0.9328,very_likely,56,3.0,3.0,214.816,71,
4,nfl:gsis:00-0033280,16393,Christian McCaffrey,RB,SF,63.2,62.4,57.0,69.4,historical_forward_error_p80:RB,0.9784,very_likely,53,6.0,5.0,256.421,66,
5,nfl:gsis:00-0039075,23180,Puka Nacua,WR,LAR,60.5,59.8,53.7,67.3,historical_forward_error_p80:WR,0.9308,very_likely,55,4.0,4.0,222.78,40,
6,nfl:gsis:00-0036223,19217,Jonathan Taylor,RB,IND,58.4,57.7,52.3,64.6,historical_forward_error_p80:RB,0.9737,very_likely,52,7.0,7.0,267.246,37,
7,nfl:gsis:00-0038543,23070,Jaxon Smith-Njigba,WR,SEA,55.7,55.0,48.9,62.4,historical_forward_error_p80:WR,0.9439,very_likely,54,5.0,6.0,213.255,23,
8,nfl:gsis:00-0036963,19799,Amon-Ra St. Brown,WR,DET,53.7,53.0,46.9,60.5,historical_forward_error_p80:WR,0.9262,very_likely,52,8.0,8.0,202.382,51,
9,nfl:gsis:00-0037248,22958,James Cook III,RB,BUF,52.0,51.4,45.8,58.1,historical_forward_error_p80:RB,0.995,very_likely,46,12.0,9.0,237.241,33,
10,nfl:gsis:00-0036358,19202,CeeDee Lamb,WR,DAL,50.9,50.3,44.2,57.7,historical_forward_error_p80:WR,0.9452,very_likely,51,9.0,10.0,175.539,62,
11,nfl:gsis:00-0034844,17240,Saquon Barkley,RB,PHI,50.3,49.7,44.1,56.4,historical_forward_error_p80:RB,0.995,very_likely,42,13.0,11.0,222.911,67,
12,nfl:gsis:00-0032764,15514,Derrick Henry,RB,BAL,48.7,48.2,42.6,54.9,historical_forward_error_p80:RB,0.9058,very_likely,50,16.0,17.0,255.542,58,
13,nfl:gsis:00-0039040,23136,De'Von Achane,RB,MIA,48.4,47.8,42.3,54.6,historical_forward_error_p80:RB,0.995,very_likely,45,10.0,14.0,227.129,52,
14,nfl:gsis:00-0036322,19236,Justin Jefferson,WR,MIN,47.2,46.7,40.5,54.0,historical_forward_error_p80:WR,0.9642,very_likely,48,11.0,12.0,173.863,54,
15,nfl:gsis:00-0040122,25989,Ashton Jeanty,RB,LV,45.0,44.5,38.8,51.1,historical_forward_error_p80:RB,0.995,very_likely,36,14.0,13.0,217.985,51,
16,nfl:gsis:00-0038597,25324,Chase Brown,RB,CIN,40.6,40.1,34.4,46.7,historical_forward_error_p80:RB,0.995,very_likely,33,22.0,15.0,214.782,46,
17,nfl:gsis:00-0038134,23021,Kenneth Walker III,RB,KC,40.1,39.6,33.9,46.2,historical_forward_error_p80:RB,0.995,very_likely,37,21.0,16.0,212.193,24,
18,nfl:gsis:00-0037238,23163,Drake London,WR,ATL,39.7,39.2,32.9,46.4,historical_forward_error_p80:WR,0.9914,very_likely,43,15.0,19.0,185.376,41,
19,nfl:gsis:00-0040666,25395,Omarion Hampton,RB,LAC,37.3,36.9,31.2,43.5,historical_forward_error_p80:RB,0.995,very_likely,34,25.0,18.0,203.971,35,
20,nfl:gsis:00-0041027,25403,Jeremiyah Love,RB,ARI,34.7,34.3,28.5,40.9,historical_forward_error_p80:RB,0.995,very_likely,35,18.0,26.0,200.684,,prior_jugg_salary
21,nfl:gsis:00-0037744,22936,Trey McBride,TE,ARI,34.7,34.3,29.7,39.7,historical_forward_error_p80:TE,0.9701,very_likely,38,17.0,25.0,145.308,30,
22,nfl:gsis:00-0034857,17298,Josh Allen,QB,BUF,34.3,33.9,29.4,39.2,historical_forward_error_p80:QB,0.995,very_likely,22,19.0,20.0,399.899,38,
23,nfl:gsis:00-0039338,22955,Brock Bowers,TE,LV,34.1,33.7,29.1,39.1,historical_forward_error_p80:TE,0.9613,very_likely,32,23.0,21.0,147.446,41,
24,nfl:gsis:00-0036554,20130,Nico Collins,WR,HOU,31.5,31.1,24.7,38.2,historical_forward_error_p80:WR,0.995,very_likely,31,26.0,22.0,169.779,42,
25,nfl:gsis:00-0035676,18218,A.J. Brown,WR,NE,30.1,29.8,23.4,36.9,historical_forward_error_p80:WR,0.995,very_likely,30,24.0,24.0,167.492,37,
26,nfl:gsis:00-0039067,23113,Rashee Rice,WR,KC,30.1,29.8,23.4,36.9,historical_forward_error_p80:WR,0.9648,very_likely,40,20.0,33.0,174.945,1,
27,nfl:gsis:00-0035700,18269,Josh Jacobs,RB,GB,29.7,29.3,23.5,35.8,historical_forward_error_p80:RB,0.995,very_likely,27,31.0,29.0,213.274,44,
28,nfl:gsis:00-0037247,22963,George Pickens,WR,DAL,28.2,27.9,21.4,35.0,historical_forward_error_p80:WR,0.995,very_likely,28,27.0,23.0,169.491,5,
29,nfl:gsis:00-0038120,22982,Breece Hall,RB,NYJ,28.0,27.7,21.9,34.2,historical_forward_error_p80:RB,0.995,very_likely,32,28.0,35.0,199.048,21,
30,nfl:gsis:00-0037840,23059,Kyren Williams,RB,LAR,26.2,25.9,20.0,32.3,historical_forward_error_p80:RB,0.995,very_likely,21,38.0,28.0,206.323,37,
31,nfl:gsis:00-0039337,25409,Malik Nabers,WR,NYG,26.2,25.9,19.5,33.0,historical_forward_error_p80:WR,0.995,very_likely,29,30.0,30.0,159.298,40,
32,nfl:gsis:00-0037239,20111,Chris Olave,WR,NO,25.3,25.0,18.5,32.1,historical_forward_error_p80:WR,0.995,very_likely,30,29.0,31.0,166.21,2,
33,nfl:gsis:00-0036997,22739,Javonte Williams,RB,DAL,25.2,24.9,19.0,31.3,historical_forward_error_p80:RB,0.995,very_likely,26,33.0,34.0,201.141,3,
34,nfl:gsis:00-0036912,19222,DeVonta Smith,WR,PHI,21.0,20.8,14.2,27.8,historical_forward_error_p80:WR,0.995,very_likely,18,35.0,27.0,149.035,6,
35,nfl:gsis:00-0040715,27166,Cam Skattebo,RB,NYG,20.5,20.3,14.4,26.7,historical_forward_error_p80:RB,0.995,very_likely,20,39.0,39.0,191.676,1,
36,nfl:gsis:00-0036973,19231,Travis Etienne Jr.,RB,NO,19.8,19.6,13.7,26.0,historical_forward_error_p80:RB,0.995,very_likely,22,41.0,43.0,189.663,1,
37,nfl:gsis:00-0034796,17233,Lamar Jackson,QB,BAL,19.1,18.9,14.2,24.0,historical_forward_error_p80:QB,0.995,very_likely,10,34.0,37.0,353.255,38,
38,nfl:gsis:00-0039064,22916,Zay Flowers,WR,BAL,18.5,18.3,11.7,25.2,historical_forward_error_p80:WR,0.995,very_likely,19,36.0,36.0,160.51,6,
39,nfl:gsis:00-0040124,25417,Tetairoa McMillan,WR,CAR,18.0,17.8,11.2,24.8,historical_forward_error_p80:WR,0.995,very_likely,22,37.0,40.0,152.5,3,
40,nfl:gsis:00-0040129,23062,Emeka Egbuka,WR,TB,17.7,17.5,10.9,24.5,historical_forward_error_p80:WR,0.9676,very_likely,24,42.0,42.0,155.113,1,
41,nfl:gsis:00-0040126,26006,Colston Loveland,TE,CHI,17.6,17.4,12.6,22.6,historical_forward_error_p80:TE,0.995,very_likely,13,40.0,38.0,132.327,,prior_jugg_salary
42,nfl:gsis:00-0036410,19211,Tee Higgins,WR,CIN,17.3,17.1,10.5,24.0,historical_forward_error_p80:WR,0.995,very_likely,15,51.0,32.0,150.936,36,
43,nfl:gsis:00-0037740,23072,Garrett Wilson,WR,NYJ,16.8,16.6,10.1,23.6,historical_forward_error_p80:WR,0.995,very_likely,23,32.0,49.0,146.57,11,
44,nfl:gsis:00-0040784,25391,Quinshon Judkins,RB,CLE,16.2,16.0,10.0,22.3,historical_forward_error_p80:RB,0.995,very_likely,21,49.0,52.0,182.793,2,
45,nfl:gsis:00-0039361,25981,Bucky Irving,RB,TB,15.9,15.7,9.7,22.0,historical_forward_error_p80:RB,0.995,very_likely,19,50.0,55.0,183.782,35,
46,nfl:gsis:00-0031381,12123,Davante Adams,WR,LAR,15.7,15.5,8.9,22.4,historical_forward_error_p80:WR,0.9942,very_likely,25,43.0,51.0,153.436,6,
47,nfl:gsis:00-0039851,23046,Drake Maye,QB,NE,14.2,14.0,9.3,19.1,historical_forward_error_p80:QB,0.9812,very_likely,10,44.0,46.0,350.929,1,
48,nfl:gsis:00-0040128,26434,Tyler Warren,TE,IND,14.0,13.9,9.0,19.0,historical_forward_error_p80:TE,0.9921,very_likely,13,45.0,45.0,120.195,1,
49,nfl:gsis:00-0039915,26122,Ladd McConkey,WR,LAC,13.6,13.4,6.8,20.3,historical_forward_error_p80:WR,0.995,very_likely,15,47.0,44.0,141.053,27,
50,nfl:gsis:00-0033881,16411,Evan Engram,TE,DEN,13.3,13.1,8.3,18.3,historical_forward_error_p80:TE,0.005,unlikely,0,375.0,,63.692,1,adp_yahoo
51,nfl:gsis:00-0036275,19210,D'Andre Swift,RB,CHI,12.6,12.4,6.4,18.7,historical_forward_error_p80:RB,0.995,very_likely,8,58.0,47.0,188.269,7,
52,nfl:gsis:00-0039910,22902,Jayden Daniels,QB,WAS,12.6,12.5,7.8,17.5,historical_forward_error_p80:QB,0.995,very_likely,10,46.0,53.0,346.325,25,
53,nfl:gsis:00-0036893,19302,Najee Harris,RB,NYG,12.6,12.5,6.5,18.8,historical_forward_error_p80:RB,0.005,unlikely,0,374.0,,51.293,1,adp_yahoo
54,nfl:gsis:00-0036442,19196,Joe Burrow,QB,CIN,12.3,12.2,7.4,17.2,historical_forward_error_p80:QB,0.9731,very_likely,5,53.0,48.0,344.229,27,
55,nfl:gsis:00-0036613,19790,Jaylen Waddle,WR,DEN,12.1,12.0,5.3,18.9,historical_forward_error_p80:WR,0.995,very_likely,12,52.0,41.0,136.037,2,
56,nfl:gsis:00-0036389,19275,Jalen Hurts,QB,PHI,11.8,11.6,6.9,16.7,historical_forward_error_p80:QB,0.995,very_likely,9,48.0,56.0,344.583,29,
57,nfl:gsis:00-0035685,18239,David Montgomery,RB,HOU,11.0,10.8,4.8,17.1,historical_forward_error_p80:RB,0.995,very_likely,9,61.0,50.0,165.465,5,
58,nfl:gsis:00-0035659,18466,Terry McLaurin,WR,WAS,10.7,10.5,3.9,17.4,historical_forward_error_p80:WR,0.995,very_likely,17,54.0,54.0,140.912,10,
59,nfl:gsis:00-0040719,27297,Bhayshul Tuten,RB,JAX,10.5,10.4,4.3,16.7,historical_forward_error_p80:RB,0.995,very_likely,9,62.0,60.0,178.047,,prior_jugg_salary
60,nfl:gsis:00-0041512,27329,Jadarian Price,RB,SEA,8.7,8.6,2.5,14.8,historical_forward_error_p80:RB,0.995,very_likely,8,68.0,64.0,163.609,,prior_jugg_salary
61,nfl:gsis:00-0039919,25411,Rome Odunze,WR,CHI,8.5,8.4,1.7,15.3,historical_forward_error_p80:WR,0.947,very_likely,17,57.0,67.0,142.707,2,
62,nfl:gsis:00-0040734,23065,TreVeyon Henderson,RB,NE,8.4,8.4,2.3,14.6,historical_forward_error_p80:RB,0.995,very_likely,8,67.0,59.0,156.609,14,
63,nfl:gsis:00-0038996,25298,Tucker Kraft,TE,GB,8.1,8.0,3.1,13.1,historical_forward_error_p80:TE,0.7179,likely,2,80.0,58.0,116.94,1,
64,nfl:gsis:00-0037240,23677,Jameson Williams,WR,DET,8.0,7.9,1.3,14.8,historical_forward_error_p80:WR,0.993,very_likely,14,60.0,63.0,152.828,9,
65,nfl:gsis:00-0040735,27016,Luther Burden III,WR,CHI,8.0,7.9,1.2,14.8,historical_forward_error_p80:WR,0.9435,very_likely,11,65.0,57.0,135.363,,prior_jugg_salary
66,nfl:gsis:00-0039065,22978,Sam LaPorta,TE,DET,7.7,7.6,2.7,12.7,historical_forward_error_p80:TE,0.9702,very_likely,6,59.0,61.0,111.072,8,
67,nfl:gsis:00-0034827,17265,DJ Moore,WR,BUF,7.5,7.5,1.0,14.3,historical_forward_error_p80:WR,0.995,very_likely,11,55.0,62.0,139.03,2,
68,nfl:gsis:00-0040663,27050,Harold Fannin Jr.,TE,CLE,7.1,7.0,2.1,12.1,historical_forward_error_p80:TE,0.8771,very_likely,6,63.0,70.0,112.505,,prior_jugg_salary
69,nfl:gsis:00-0036970,20164,Kyle Pitts Sr.,TE,ATL,6.9,6.8,1.9,11.9,historical_forward_error_p80:TE,0.9616,very_likely,6,56.0,71.0,116.185,3,
70,nfl:gsis:00-0039918,23084,Caleb Williams,QB,CHI,6.8,6.7,1.9,11.6,historical_forward_error_p80:QB,0.7226,likely,3,79.0,68.0,328.841,,prior_jugg_salary
71,nfl:gsis:00-0037228,24209,Jaylen Warren,RB,PIT,6.2,6.1,1.0,12.3,historical_forward_error_p80:RB,0.8099,very_likely,2,90.0,73.0,154.867,1,
72,nfl:gsis:00-0033077,15600,Dak Prescott,QB,DAL,5.9,5.8,1.0,10.8,historical_forward_error_p80:QB,0.8102,very_likely,4,72.0,72.0,337.099,5,
73,nfl:gsis:00-0040691,23160,Jaxson Dart,QB,NYG,5.9,5.9,1.1,10.8,historical_forward_error_p80:QB,0.8194,very_likely,5,64.0,84.0,332.163,,prior_jugg_salary
74,nfl:gsis:00-0037692,26068,Brandon Aubrey,K,DAL,5.7,5.6,3.2,8.2,historical_forward_error_p80:K,0.995,very_likely,1,71.0,82.0,153.03,5,
75,nfl:gsis:00-0036875,22726,Rhamondre Stevenson,RB,NE,5.3,5.3,1.0,11.5,historical_forward_error_p80:RB,0.95,very_likely,7,77.0,76.0,152.322,1,
76,nfl:gsis:00-0035358,19058,Chase McLaughlin,K,TB,4.9,4.8,2.4,7.4,historical_forward_error_p80:K,0.1818,unlikely,0,215.0,219.0,132.85,,prior_jugg_salary
77,nfl:gsis:00-0035261,18705,Tony Pollard,RB,TEN,4.9,4.9,1.0,11.1,historical_forward_error_p80:RB,0.7974,likely,2,96.0,81.0,155.888,4,
78,nfl:gsis:00-0037252,23153,Greg Dulcich,TE,MIA,4.7,4.7,1.0,9.8,historical_forward_error_p80:TE,0.005,unlikely,0,,198.0,78.94,,adp_espn;prior_jugg_salary
79,nfl:gsis:00-0036355,18635,Justin Herbert,QB,LAC,4.6,4.5,1.0,9.4,historical_forward_error_p80:QB,0.6648,likely,3,99.0,69.0,325.801,15,
80,nfl:gsis:00-0031408,12119,Mike Evans,WR,SF,4.6,4.6,1.0,11.4,historical_forward_error_p80:WR,0.8932,very_likely,6,82.0,65.0,136.414,30,
81,nfl:gsis:00-0033288,16499,George Kittle,TE,SF,4.4,4.3,1.0,9.4,historical_forward_error_p80:TE,0.6856,likely,2,88.0,86.0,109.381,22,
82,nfl:gsis:00-0036971,19780,Trevor Lawrence,QB,JAX,4.4,4.4,1.0,9.3,historical_forward_error_p80:QB,0.7098,likely,4,81.0,80.0,333.204,1,
83,nfl:gsis:00-0031203,13731,Cairo Santos,K,CHI,4.3,4.3,1.8,6.9,historical_forward_error_p80:K,0.224,long_shot,0,187.0,224.0,133.31,,prior_jugg_salary
84,nfl:gsis:00-0036555,19792,Chuba Hubbard,RB,CAR,4.3,4.3,1.0,10.5,historical_forward_error_p80:RB,0.7437,likely,2,112.0,77.0,137.084,19,
85,nfl:gsis:00-0041438,26009,Carnell Tate,WR,TEN,4.2,4.1,1.0,10.9,historical_forward_error_p80:WR,0.952,very_likely,7,66.0,75.0,113.203,,prior_jugg_salary
86,nfl:gsis:00-0039811,23118,MarShawn Lloyd,RB,GB,4.0,3.9,1.0,10.1,historical_forward_error_p80:RB,0.0393,unlikely,0,,200.0,45.485,,adp_espn;prior_jugg_salary
87,nfl:def:HOU,8120,Houston Texans,DEF,HOU,3.9,3.8,2.0,5.7,historical_forward_error_p80:DEF,0.995,very_likely,1,73.0,90.0,124.43,10,
88,nfl:gsis:00-0041496,27320,Jonah Coleman,RB,DEN,3.9,3.9,1.0,10.1,historical_forward_error_p80:RB,0.0596,unlikely,1,230.0,184.0,39.222,,prior_jugg_salary
89,nfl:gsis:00-0038454,25360,Keaton Mitchell,RB,LAC,3.9,3.9,1.0,10.1,historical_forward_error_p80:RB,0.071,unlikely,1,206.0,199.0,68.866,,prior_jugg_salary
90,nfl:gsis:00-0039404,26341,Will Reichard,K,MIN,3.9,3.8,1.3,6.4,historical_forward_error_p80:K,0.26,long_shot,0,178.0,220.0,130.72,,prior_jugg_salary
91,nfl:gsis:00-0038129,23181,Cade Otton,TE,TB,3.8,3.8,1.0,8.8,historical_forward_error_p80:TE,0.005,unlikely,0,,,74.055,,adp_espn;adp_yahoo;prior_jugg_salary
92,nfl:gsis:00-0034173,17575,Eddy Pineiro,K,SF,3.8,3.7,1.3,6.3,historical_forward_error_p80:K,0.3313,long_shot,1,146.0,222.0,132.62,,prior_jugg_salary
93,nfl:gsis:00-0037809,23982,Chig Okonkwo,TE,WAS,3.7,3.6,1.0,8.7,historical_forward_error_p80:TE,0.0615,unlikely,0,225.0,149.0,73.401,,prior_jugg_salary
94,nfl:gsis:00-0036854,23297,Evan McPherson,K,CIN,3.7,3.7,1.2,6.2,historical_forward_error_p80:K,0.2046,long_shot,0,202.0,221.0,128.72,1,
95,nfl:gsis:00-0026498,9451,Matthew Stafford,QB,LAR,3.7,3.7,1.0,8.6,historical_forward_error_p80:QB,0.7515,likely,4,69.0,100.0,327.994,1,
96,nfl:gsis:00-0036139,19647,Rico Dowdle,RB,PIT,3.7,3.7,1.0,9.9,historical_forward_error_p80:RB,0.7799,likely,3,98.0,85.0,148.47,1,
97,nfl:gsis:00-0030506,11594,Travis Kelce,TE,KC,3.7,3.7,1.0,8.7,historical_forward_error_p80:TE,0.6816,likely,2,85.0,91.0,107.06,4,
98,nfl:gsis:00-0036244,19372,Colby Parkinson,TE,LAR,3.6,3.5,1.0,8.6,historical_forward_error_p80:TE,0.005,unlikely,0,,,57.858,,adp_espn;adp_yahoo;prior_jugg_salary
99,nfl:gsis:00-0040584,27109,Gunnar Helm,TE,TEN,3.6,3.6,1.0,8.6,historical_forward_error_p80:TE,0.005,unlikely,0,,,62.668,,adp_espn;adp_yahoo;prior_jugg_salary
100,nfl:gsis:00-0036158,19245,J.K. Dobbins,RB,DEN,3.6,3.6,1.0,9.7,historical_forward_error_p80:RB,0.7289,likely,2,108.0,92.0,156.647,10,
101,nfl:gsis:00-0034829,17272,Mike Gesicki,TE,CIN,3.6,3.6,1.0,8.6,historical_forward_error_p80:TE,0.005,unlikely,0,,,64.669,,adp_espn;adp_yahoo;prior_jugg_salary
102,nfl:gsis:00-0040074,27534,Tyler Loop,K,BAL,3.6,3.6,1.1,6.1,historical_forward_error_p80:K,0.2808,long_shot,1,169.0,218.0,132.06,,prior_jugg_salary
103,nfl:gsis:00-0040200,27291,Andy Borregales,K,NE,3.5,3.5,1.0,6.0,historical_forward_error_p80:K,0.7438,likely,,,223.0,119.37,,espn_salary_cap_value;adp_espn;prior_jugg_salary
104,nfl:gsis:00-0039794,24346,Braelon Allen,RB,NYJ,3.5,3.5,1.0,9.6,historical_forward_error_p80:RB,0.0459,unlikely,0,,,82.68,,adp_espn;adp_yahoo;prior_jugg_salary
105,nfl:gsis:00-0038124,23886,Christian Watson,WR,GB,3.5,3.5,1.0,10.3,historical_forward_error_p80:WR,0.8511,very_likely,6,86.0,66.0,137.579,3,
106,nfl:gsis:00-0039066,23056,Michael Mayer,TE,LV,3.5,3.5,1.0,8.5,historical_forward_error_p80:TE,0.005,unlikely,0,,,50.138,,adp_espn;adp_yahoo;prior_jugg_salary
107,nfl:gsis:00-0040583,27520,Woody Marks,RB,HOU,3.5,3.5,1.0,9.7,historical_forward_error_p80:RB,0.2117,long_shot,1,148.0,197.0,100.575,,prior_jugg_salary
108,nfl:gsis:00-0038611,22986,Chris Rodriguez Jr.,RB,JAX,3.4,3.4,1.0,9.6,historical_forward_error_p80:RB,0.1411,unlikely,1,180.0,194.0,90.219,,prior_jugg_salary
109,nfl:gsis:00-0034975,18256,Justice Hill,RB,BAL,3.4,3.4,1.0,9.6,historical_forward_error_p80:RB,0.0457,unlikely,0,,,79.414,,adp_espn;adp_yahoo;prior_jugg_salary
110,nfl:gsis:00-0041052,28401,Kaelon Black,RB,SF,3.4,3.4,1.0,9.6,historical_forward_error_p80:RB,0.0455,unlikely,0,,,78.065,,adp_espn;adp_yahoo;prior_jugg_salary
111,nfl:gsis:00-0039849,23064,Marvin Harrison Jr.,WR,ARI,3.3,3.3,1.0,10.1,historical_forward_error_p80:WR,0.9312,very_likely,7,76.0,74.0,129.995,19,
112,nfl:gsis:00-0035537,18406,Ty Johnson,RB,BUF,3.3,3.2,1.0,9.4,historical_forward_error_p80:RB,0.0444,unlikely,0,,,69.659,,adp_espn;adp_yahoo;prior_jugg_salary
113,nfl:gsis:00-0034351,17270,Dallas Goedert,TE,PHI,3.2,3.1,1.0,8.2,historical_forward_error_p80:TE,0.6071,likely,2,87.0,106.0,113.851,1,
114,nfl:gsis:00-0041104,28084,Demond Claiborne,RB,MIN,3.2,3.2,1.0,9.4,historical_forward_error_p80:RB,0.0117,unlikely,0,,,12.193,,adp_espn;adp_yahoo;prior_jugg_salary
115,nfl:gsis:00-0038705,25654,Emari Demercado,RB,KC,3.2,3.2,1.0,9.4,historical_forward_error_p80:RB,0.0437,unlikely,0,,,66.35,,adp_espn;adp_yahoo;prior_jugg_salary
116,nfl:gsis:00-0039498,26638,Harrison Mevis,K,LAR,3.2,3.2,1.0,5.7,historical_forward_error_p80:K,0.4921,bubble,1,120.0,203.0,136.89,,prior_jugg_salary
117,nfl:gsis:00-0040177,27310,Jordan James,RB,SF,3.2,3.1,1.0,9.3,historical_forward_error_p80:RB,0.0427,unlikely,0,,,61.913,,adp_espn;adp_yahoo;prior_jugg_salary
118,nfl:gsis:00-0040878,28108,Mike Washington Jr.,RB,LV,3.2,3.1,1.0,9.3,historical_forward_error_p80:RB,0.1521,unlikely,0,220.0,163.0,67.87,,prior_jugg_salary
119,nfl:gsis:00-0040886,24343,Nicholas Singleton,RB,TEN,3.2,3.2,1.0,9.3,historical_forward_error_p80:RB,0.0151,unlikely,0,,,15.448,,adp_espn;adp_yahoo;prior_jugg_salary
120,nfl:gsis:00-0039746,22930,Will Shipley,RB,PHI,3.2,3.1,1.0,9.3,historical_forward_error_p80:RB,0.016,unlikely,0,,,16.283,,adp_espn;adp_yahoo;prior_jugg_salary
121,nfl:gsis:00-0040888,24367,Adam Randall,RB,BAL,3.1,3.1,1.0,9.2,historical_forward_error_p80:RB,0.0411,unlikely,0,,,56.227,,adp_espn;adp_yahoo;prior_jugg_salary
122,nfl:gsis:00-0038935,25345,Brenton Strange,TE,JAX,3.1,3.1,1.0,8.1,historical_forward_error_p80:TE,0.0872,unlikely,1,185.0,167.0,91.704,,prior_jugg_salary
123,nfl:gsis:00-0041096,24362,Kaytron Allen,RB,WAS,3.1,3.1,1.0,9.3,historical_forward_error_p80:RB,0.0181,unlikely,0,,,18.497,,adp_espn;adp_yahoo;prior_jugg_salary
124,nfl:gsis:00-0040189,25997,Oronde Gadsden II,TE,LAC,3.1,3.1,1.0,8.1,historical_forward_error_p80:TE,0.0598,unlikely,0,,151.0,63.29,,adp_espn;prior_jugg_salary
125,nfl:gsis:00-0040208,26212,Tahj Brooks,RB,CIN,3.1,3.1,1.0,9.3,historical_forward_error_p80:RB,0.0179,unlikely,0,,,18.242,,adp_espn;adp_yahoo;prior_jugg_salary
126,nfl:gsis:00-0039793,26335,AJ Barner,TE,SEA,3.0,3.0,1.0,8.0,historical_forward_error_p80:TE,0.0989,unlikely,0,207.0,147.0,75.809,,prior_jugg_salary
127,nfl:gsis:00-0038685,25823,Chris Brooks,RB,GB,3.0,3.0,1.0,9.2,historical_forward_error_p80:RB,0.0388,unlikely,0,,,49.821,,adp_espn;adp_yahoo;prior_jugg_salary
128,nfl:gsis:00-0040179,27097,DJ Giddens,RB,IND,3.0,3.0,1.0,9.2,historical_forward_error_p80:RB,0.0258,unlikely,0,,,27.397,,adp_espn;adp_yahoo;prior_jugg_salary
129,nfl:gsis:00-0038797,25885,Emanuel Wilson,RB,SEA,3.0,3.0,1.0,9.2,historical_forward_error_p80:RB,0.036,unlikely,0,,,43.641,,adp_espn;adp_yahoo;prior_jugg_salary
130,nfl:gsis:00-0041013,28107,Emmett Johnson,RB,KC,3.0,3.0,1.0,9.2,historical_forward_error_p80:RB,0.0274,unlikely,0,,,29.493,,adp_espn;adp_yahoo;prior_jugg_salary
131,nfl:gsis:00-0039299,22915,George Holani,RB,SEA,3.0,3.0,1.0,9.2,historical_forward_error_p80:RB,0.03,unlikely,0,,,33.116,,adp_espn;adp_yahoo;prior_jugg_salary
132,nfl:gsis:00-0039798,25977,Isaiah Davis,RB,NYJ,3.0,3.0,1.0,9.2,historical_forward_error_p80:RB,0.0302,unlikely,0,,,33.442,,adp_espn;adp_yahoo;prior_jugg_salary
133,nfl:gsis:00-0039874,25987,Jaylen Wright,RB,MIA,3.0,3.0,1.0,9.2,historical_forward_error_p80:RB,0.036,unlikely,0,,,43.558,,adp_espn;adp_yahoo;prior_jugg_salary
134,nfl:gsis:00-0039391,26355,Kimani Vidal,RB,LAC,3.0,3.0,1.0,9.2,historical_forward_error_p80:RB,0.0376,unlikely,0,,,47.15,,adp_espn;adp_yahoo;prior_jugg_salary
135,nfl:gsis:00-0040238,27285,LeQuint Allen Jr.,RB,JAX,3.0,3.0,1.0,9.2,historical_forward_error_p80:RB,0.0267,unlikely,0,,,28.553,,adp_espn;adp_yahoo;prior_jugg_salary
136,nfl:gsis:00-0040198,25984,Ollie Gordon II,RB,MIA,3.0,3.0,1.0,9.2,historical_forward_error_p80:RB,0.0284,unlikely,0,,,30.881,,adp_espn;adp_yahoo;prior_jugg_salary
137,nfl:gsis:00-0040021,22928,Phil Mafah,RB,DAL,3.0,3.0,1.0,9.2,historical_forward_error_p80:RB,0.0253,unlikely,0,,,26.717,,adp_espn;adp_yahoo;prior_jugg_salary
138,nfl:gsis:00-0039875,26191,Ray Davis,RB,BUF,3.0,3.0,1.0,9.2,historical_forward_error_p80:RB,0.0191,unlikely,1,,,28.108,,adp_espn;adp_yahoo;prior_jugg_salary
139,nfl:gsis:00-0038951,23679,Sean Tucker,RB,TB,3.0,3.0,1.0,9.2,historical_forward_error_p80:RB,0.0283,unlikely,0,,,30.641,,adp_espn;adp_yahoo;prior_jugg_salary
140,nfl:gsis:00-0039732,22910,Bo Nix,QB,DEN,2.9,2.9,1.0,7.8,historical_forward_error_p80:QB,0.7639,likely,4,75.0,99.0,324.987,8,
141,nfl:def:GB,8110,Green Bay Packers,DEF,GB,2.9,2.9,1.0,4.7,historical_forward_error_p80:DEF,0.1563,unlikely,0,193.0,215.0,99.06,,prior_jugg_salary
142,nfl:def:LAC,8250,Los Angeles Chargers,DEF,LAC,2.9,2.8,1.0,4.7,historical_forward_error_p80:DEF,0.206,long_shot,0,168.0,217.0,112.59,,prior_jugg_salary
143,nfl:gsis:00-0036894,20163,Pat Freiermuth,TE,PIT,2.9,2.9,1.0,7.9,historical_forward_error_p80:TE,0.1296,unlikely,0,201.0,139.0,81.141,,prior_jugg_salary
144,nfl:gsis:00-0037834,19797,Brock Purdy,QB,SF,2.8,2.8,1.0,7.7,historical_forward_error_p80:QB,0.623,likely,4,92.0,94.0,335.213,1,
145,nfl:gsis:00-0031610,14104,Darren Waller,TE,CAR,2.8,2.8,1.0,7.8,historical_forward_error_p80:TE,0.005,unlikely,0,,,70.414,9,adp_espn;adp_yahoo
146,nfl:gsis:00-0039172,26075,Jake Bates,K,DET,2.8,2.8,1.0,5.3,historical_forward_error_p80:K,0.3306,long_shot,1,154.0,216.0,135.87,1,
147,nfl:gsis:00-0036040,19562,Juwan Johnson,TE,NO,2.8,2.8,1.0,7.8,historical_forward_error_p80:TE,0.1328,unlikely,0,167.0,168.0,90.045,,prior_jugg_salary
148,nfl:gsis:00-0040236,27131,Kyle Monangai,RB,CHI,2.8,2.8,1.0,8.9,historical_forward_error_p80:RB,0.6194,likely,2,118.0,104.0,133.328,,prior_jugg_salary
149,nfl:gsis:00-0039893,23000,Brian Thomas Jr.,WR,JAX,2.7,2.7,1.0,9.5,historical_forward_error_p80:WR,0.7975,likely,4,93.0,79.0,123.049,38,
150,nfl:gsis:00-0038606,23106,Parker Washington,WR,JAX,2.7,2.7,1.0,9.5,historical_forward_error_p80:WR,0.8206,very_likely,5,84.0,78.0,121.805,,prior_jugg_salary
151,nfl:gsis:00-0038555,22908,Tank Bigsby,RB,PHI,2.7,2.7,1.0,8.9,historical_forward_error_p80:RB,0.1173,unlikely,1,203.0,186.0,78.354,1,
152,nfl:gsis:00-0039032,25323,Tyjae Spears,RB,TEN,2.7,2.7,1.0,8.9,historical_forward_error_p80:RB,0.1705,unlikely,1,164.0,201.0,92.249,2,
153,nfl:gsis:00-0040743,23096,Tyler Shough,QB,NO,2.7,2.7,1.0,7.6,historical_forward_error_p80:QB,0.1296,unlikely,1,153.0,179.0,307.556,,prior_jugg_salary
154,nfl:gsis:00-0040162,27102,Dylan Sampson,RB,CLE,2.6,2.6,1.0,8.8,historical_forward_error_p80:RB,0.1133,unlikely,0,,177.0,72.059,1,adp_espn
155,nfl:def:JAX,8140,Jacksonville Jaguars,DEF,JAX,2.6,2.6,1.0,4.5,historical_forward_error_p80:DEF,0.1877,unlikely,0,183.0,212.0,103.87,,prior_jugg_salary
156,nfl:def:LAR,8280,Los Angeles Rams,DEF,LAR,2.6,2.6,1.0,4.5,historical_forward_error_p80:DEF,0.8991,very_likely,1,91.0,88.0,111.3,1,
157,nfl:gsis:00-0033526,16423,Samaje Perine,RB,CIN,2.6,2.6,1.0,8.7,historical_forward_error_p80:RB,0.0575,unlikely,0,,,78.25,2,adp_espn;adp_yahoo
158,nfl:gsis:00-0037263,24172,Tyler Allgeier,RB,ARI,2.6,2.6,1.0,8.7,historical_forward_error_p80:RB,0.1947,unlikely,1,177.0,178.0,81.241,,prior_jugg_salary
159,nfl:gsis:00-0032569,16026,Wil Lutz,K,DEN,2.6,2.6,1.0,5.1,historical_forward_error_p80:K,0.8539,very_likely,,223.0,210.0,128.51,15,espn_salary_cap_value
160,nfl:gsis:00-0033885,16399,David Njoku,TE,LAC,2.5,2.5,1.0,7.5,historical_forward_error_p80:TE,0.0945,unlikely,0,218.0,140.0,65.138,1,
161,nfl:def:DEN,8090,Denver Broncos,DEF,DEN,2.5,2.5,1.0,4.4,historical_forward_error_p80:DEF,0.9336,very_likely,1,83.0,101.0,122.26,2,
162,nfl:gsis:00-0039344,26148,Jonathon Brooks,RB,CAR,2.5,2.5,1.0,8.7,historical_forward_error_p80:RB,0.6814,likely,2,111.0,98.0,134.361,2,
163,nfl:def:PIT,8240,Pittsburgh Steelers,DEF,PIT,2.4,2.4,1.0,4.2,historical_forward_error_p80:DEF,0.4513,bubble,1,104.0,208.0,115.88,2,
164,nfl:gsis:00-0040730,27142,RJ Harvey,RB,DEN,2.4,2.4,1.0,8.6,historical_forward_error_p80:RB,0.5699,bubble,1,132.0,102.0,116.213,9,
165,nfl:gsis:00-0039384,22980,Tyrone Tracy Jr.,RB,NYG,2.4,2.4,1.0,8.5,historical_forward_error_p80:RB,0.1534,unlikely,0,184.0,190.0,78.503,1,
166,nfl:gsis:00-0035640,18219,DK Metcalf,WR,PIT,2.3,2.3,1.0,9.1,historical_forward_error_p80:WR,0.9198,very_likely,7,74.0,83.0,130.935,5,
167,nfl:gsis:00-0040242,27316,Jacory Croskey-Merritt,RB,WAS,2.3,2.3,1.0,8.4,historical_forward_error_p80:RB,0.5582,bubble,2,127.0,114.0,134.968,,prior_jugg_salary
168,nfl:gsis:00-0040586,24344,Jaydon Blue,RB,DAL,2.3,2.3,1.0,8.4,historical_forward_error_p80:RB,0.0389,unlikely,0,,,45.873,1,adp_espn;adp_yahoo
169,nfl:gsis:00-0033873,16413,Patrick Mahomes II,QB,KC,2.3,2.3,1.0,7.2,historical_forward_error_p80:QB,0.6143,likely,3,100.0,95.0,330.043,9,
170,nfl:def:TB,8290,Tampa Bay Buccaneers,DEF,TB,2.3,2.2,1.0,4.1,historical_forward_error_p80:DEF,0.1488,unlikely,0,237.0,,97.28,23,adp_yahoo
171,nfl:gsis:00-0036162,19760,Tyler Bass,K,BUF,2.3,2.3,1.0,4.8,historical_forward_error_p80:K,0.8272,very_likely,,217.0,209.0,123.58,1,espn_salary_cap_value
172,nfl:gsis:00-0037838,23781,Isaiah Likely,TE,NYG,2.2,2.2,1.0,7.2,historical_forward_error_p80:TE,0.4669,bubble,2,116.0,109.0,102.216,,prior_jugg_salary
173,nfl:gsis:00-0039491,26403,Jalen Coker,WR,CAR,2.2,2.1,1.0,8.9,historical_forward_error_p80:WR,0.1002,unlikely,1,160.0,205.0,97.029,,prior_jugg_salary
174,nfl:gsis:00-0033106,15501,Jared Goff,QB,DET,2.2,2.2,1.0,7.1,historical_forward_error_p80:QB,0.348,long_shot,1,131.0,116.0,319.35,1,
175,nfl:gsis:00-0031136,13029,Chris Boswell,K,PIT,2.1,2.1,1.0,4.6,historical_forward_error_p80:K,0.3309,long_shot,0,165.0,211.0,118.33,1,
176,nfl:gsis:00-0034383,17349,Dalton Schultz,TE,HOU,2.1,2.1,1.0,7.1,historical_forward_error_p80:TE,0.1136,unlikely,0,186.0,170.0,83.843,6,
177,nfl:gsis:00-0037291,24177,Jalen Nailor,WR,LV,2.1,2.1,1.0,8.9,historical_forward_error_p80:WR,0.0489,unlikely,0,,181.0,86.83,,adp_espn;prior_jugg_salary
178,nfl:gsis:00-0036919,23310,Kenny Gainwell,RB,TB,2.1,2.1,1.0,8.2,historical_forward_error_p80:RB,0.617,likely,2,110.0,121.0,118.424,,prior_jugg_salary
179,nfl:gsis:00-0033293,16673,Aaron Jones Sr.,RB,MIN,2.0,2.0,1.0,8.1,historical_forward_error_p80:RB,0.533,bubble,1,123.0,129.0,120.422,6,
180,nfl:gsis:00-0037664,23791,Alec Pierce,WR,IND,2.0,2.0,1.0,8.8,historical_forward_error_p80:WR,0.7739,likely,6,89.0,87.0,135.746,,prior_jugg_salary
181,nfl:def:BAL,8020,Baltimore Ravens,DEF,BAL,2.0,2.0,1.0,3.8,historical_forward_error_p80:DEF,0.3478,long_shot,1,122.0,214.0,106.0,1,
182,nfl:gsis:00-0034348,17253,Courtland Sutton,WR,DEN,2.0,2.0,1.0,8.8,historical_forward_error_p80:WR,0.8971,very_likely,10,70.0,103.0,131.225,15,
183,nfl:gsis:00-0036972,20156,Mac Jones,QB,SF,1.9,1.9,1.0,6.8,historical_forward_error_p80:QB,0.005,unlikely,0,329.0,,11.49,,adp_yahoo;prior_jugg_salary
184,nfl:def:ATL,8010,Atlanta Falcons,DEF,ATL,1.8,1.8,1.0,3.6,historical_forward_error_p80:DEF,0.7165,likely,,,202.0,101.75,,espn_salary_cap_value;adp_espn;prior_jugg_salary
185,nfl:gsis:00-0039738,23013,Blake Corum,RB,LAR,1.8,1.8,1.0,8.0,historical_forward_error_p80:RB,0.5883,bubble,2,134.0,97.0,126.627,2,
186,nfl:gsis:00-0037816,23794,Romeo Doubs,WR,NE,1.8,1.8,1.0,8.5,historical_forward_error_p80:WR,0.1553,unlikely,1,150.0,195.0,101.25,,prior_jugg_salary
187,nfl:gsis:00-0035229,18290,T.J. Hockenson,TE,MIN,1.8,1.8,1.0,6.8,historical_forward_error_p80:TE,0.2609,long_shot,1,125.0,172.0,76.727,6,
188,nfl:gsis:00-0039165,23152,Zach Charbonnet,RB,SEA,1.8,1.7,1.0,7.9,historical_forward_error_p80:RB,0.3162,long_shot,1,155.0,169.0,103.286,14,
189,nfl:gsis:00-0037224,23901,Cameron Dicker,K,LAC,1.7,1.7,1.0,4.2,historical_forward_error_p80:K,0.8923,very_likely,1,97.0,133.0,143.72,3,
190,nfl:gsis:00-0038933,25247,Dalton Kincaid,TE,BUF,1.7,1.7,1.0,6.7,historical_forward_error_p80:TE,0.4973,bubble,2,126.0,96.0,103.133,11,
191,nfl:def:DET,8100,Detroit Lions,DEF,DET,1.7,1.7,1.0,3.6,historical_forward_error_p80:DEF,0.2644,long_shot,1,149.0,213.0,110.79,1,
192,nfl:gsis:00-0039424,26409,Devaughn Vele,WR,NO,1.7,1.7,1.0,8.5,historical_forward_error_p80:WR,0.005,unlikely,0,,,78.511,,adp_espn;adp_yahoo;prior_jugg_salary
193,nfl:gsis:00-0031492,14003,Jason Myers,K,SEA,1.7,1.7,1.0,4.2,historical_forward_error_p80:K,0.8019,very_likely,1,106.0,136.0,150.42,1,
194,nfl:gsis:00-0038608,22989,Kayshon Boutte,WR,NE,1.7,1.7,1.0,8.5,historical_forward_error_p80:WR,0.005,unlikely,0,,,75.929,,adp_espn;adp_yahoo;prior_jugg_salary
195,nfl:gsis:00-0041511,28127,Omar Cooper Jr.,WR,NYJ,1.7,1.7,1.0,8.4,historical_forward_error_p80:WR,0.0419,unlikely,0,,182.0,58.523,,adp_espn;prior_jugg_salary
196,nfl:gsis:00-0041040,25418,Antonio Williams,WR,WAS,1.6,1.6,1.0,8.4,historical_forward_error_p80:WR,0.005,unlikely,0,,,68.731,,adp_espn;adp_yahoo;prior_jugg_salary
197,nfl:gsis:00-0041523,28135,Caleb Douglas,WR,MIA,1.6,1.6,1.0,8.3,historical_forward_error_p80:WR,0.005,unlikely,1,212.0,,71.101,,adp_yahoo;prior_jugg_salary
198,nfl:gsis:00-0041037,27339,Denzel Boston,WR,CLE,1.6,1.6,1.0,8.4,historical_forward_error_p80:WR,0.1041,unlikely,1,176.0,191.0,93.028,,prior_jugg_salary
199,nfl:gsis:00-0038393,24354,Dontayvion Wicks,WR,PHI,1.6,1.6,1.0,8.3,historical_forward_error_p80:WR,0.005,unlikely,0,,,68.415,,adp_espn;adp_yahoo;prior_jugg_salary
200,nfl:gsis:00-0041489,26039,Germie Bernard,WR,PIT,1.6,1.6,1.0,8.3,historical_forward_error_p80:WR,0.005,unlikely,0,,,67.993,,adp_espn;adp_yahoo;prior_jugg_salary
201,nfl:gsis:00-0033303,16712,Harrison Butker,K,KC,1.6,1.5,1.0,4.1,historical_forward_error_p80:K,0.4606,bubble,1,143.0,196.0,131.95,3,
202,nfl:gsis:00-0040138,27122,Jaylin Noel,WR,HOU,1.6,1.6,1.0,8.4,historical_forward_error_p80:WR,0.005,unlikely,0,,,70.354,,adp_espn;adp_yahoo;prior_jugg_salary
203,nfl:gsis:00-0041032,26055,Kenyon Sadiq,TE,NYJ,1.6,1.6,1.0,6.6,historical_forward_error_p80:TE,0.1963,unlikely,2,140.0,180.0,77.521,,prior_jugg_salary
204,nfl:gsis:00-0039880,26314,Malik Washington,WR,MIA,1.6,1.5,1.0,8.3,historical_forward_error_p80:WR,0.005,unlikely,0,,,66.453,,adp_espn;adp_yahoo;prior_jugg_salary
205,nfl:gsis:00-0038104,22913,Tyquan Thornton,WR,KC,1.6,1.6,1.0,8.3,historical_forward_error_p80:WR,0.005,unlikely,0,,,67.455,,adp_espn;adp_yahoo;prior_jugg_salary
206,nfl:gsis:00-0041525,26038,Chris Bell,WR,MIA,1.5,1.5,1.0,8.2,historical_forward_error_p80:WR,0.005,unlikely,0,,,59.382,,adp_espn;adp_yahoo;prior_jugg_salary
207,nfl:gsis:00-0030565,11687,Geno Smith,QB,NYJ,1.5,1.5,1.0,6.4,historical_forward_error_p80:QB,0.005,unlikely,0,,,256.975,,adp_espn;adp_yahoo;prior_jugg_salary
208,nfl:gsis:00-0038041,22718,Jake Ferguson,TE,DAL,1.5,1.5,1.0,6.5,historical_forward_error_p80:TE,0.5082,bubble,2,102.0,118.0,93.515,1,
209,nfl:gsis:00-0033553,16447,James Conner,RB,ARI,1.5,1.5,1.0,7.7,historical_forward_error_p80:RB,0.2129,long_shot,0,,148.0,43.5,10,adp_espn
210,nfl:gsis:00-0037666,23770,Jalen Tolbert,WR,MIA,1.4,1.4,1.0,8.2,historical_forward_error_p80:WR,0.005,unlikely,0,,,51.593,,adp_espn;adp_yahoo;prior_jugg_salary
211,nfl:gsis:00-0041029,26035,Jordyn Tyson,WR,NO,1.4,1.4,1.0,8.1,historical_forward_error_p80:WR,0.4586,bubble,1,138.0,89.0,69.001,,prior_jugg_salary
212,nfl:gsis:00-0039901,26019,Keon Coleman,WR,BUF,1.4,1.4,1.0,8.1,historical_forward_error_p80:WR,0.005,unlikely,0,,,50.213,,adp_espn;adp_yahoo;prior_jugg_salary
213,nfl:gsis:00-0038128,23499,Malik Willis,QB,MIA,1.4,1.4,1.0,6.2,historical_forward_error_p80:QB,0.1745,unlikely,1,181.0,141.0,287.945,,prior_jugg_salary
214,nfl:gsis:00-0034753,17269,Mark Andrews,TE,BAL,1.4,1.4,1.0,6.4,historical_forward_error_p80:TE,0.4951,bubble,2,113.0,115.0,107.565,4,
215,nfl:gsis:00-0036550,19794,Rashod Bateman,WR,BAL,1.4,1.4,1.0,8.1,historical_forward_error_p80:WR,0.005,unlikely,0,,,95.423,1,adp_espn;adp_yahoo
216,nfl:gsis:00-0039410,26398,Ryan Flournoy,WR,DAL,1.4,1.4,1.0,8.2,historical_forward_error_p80:WR,0.005,unlikely,0,,,55.388,,adp_espn;adp_yahoo;prior_jugg_salary
217,nfl:gsis:00-0034869,17236,Sam Darnold,QB,SEA,1.4,1.4,1.0,6.3,historical_forward_error_p80:QB,0.2467,long_shot,0,162.0,132.0,293.605,,prior_jugg_salary
218,nfl:gsis:00-0040727,26215,Tre' Harris,WR,LAC,1.4,1.4,1.0,8.2,historical_forward_error_p80:WR,0.005,unlikely,0,,,55.234,,adp_espn;adp_yahoo;prior_jugg_salary
219,nfl:gsis:00-0039342,26136,Xavier Legette,WR,CAR,1.4,1.4,1.0,8.2,historical_forward_error_p80:WR,0.005,unlikely,0,,,57.907,,adp_espn;adp_yahoo;prior_jugg_salary
220,nfl:gsis:00-0041044,25419,Zachariah Branch,WR,ATL,1.4,1.4,1.0,8.1,historical_forward_error_p80:WR,0.005,unlikely,0,,,48.869,,adp_espn;adp_yahoo;prior_jugg_salary
221,nfl:gsis:00-0039150,22900,Bryce Young,QB,CAR,1.3,1.3,1.0,6.2,historical_forward_error_p80:QB,0.1792,unlikely,0,196.0,131.0,278.491,,prior_jugg_salary
222,nfl:gsis:00-0037197,24333,Isiah Pacheco,RB,DET,1.3,1.3,1.0,7.5,historical_forward_error_p80:RB,0.349,long_shot,1,163.0,150.0,94.906,17,
223,nfl:gsis:00-0033119,15642,Jacoby Brissett,QB,ARI,1.3,1.3,1.0,6.1,historical_forward_error_p80:QB,0.005,unlikely,0,,,251.825,,adp_espn;adp_yahoo;prior_jugg_salary
224,nfl:gsis:00-0041547,27331,KC Concepcion,WR,CLE,1.3,1.3,1.0,8.0,historical_forward_error_p80:WR,0.2079,long_shot,1,144.0,183.0,99.637,,prior_jugg_salary
225,nfl:gsis:00-0035228,18600,Kyler Murray,QB,MIN,1.3,1.3,1.0,6.2,historical_forward_error_p80:QB,0.3442,long_shot,1,142.0,113.0,303.667,2,
226,nfl:gsis:00-0038563,25337,Tre Tucker,WR,LV,1.3,1.3,1.0,8.1,historical_forward_error_p80:WR,0.0484,unlikely,1,189.0,,92.049,,adp_yahoo;prior_jugg_salary
227,nfl:gsis:00-0034855,17237,Baker Mayfield,QB,TB,1.2,1.2,1.0,6.1,historical_forward_error_p80:QB,0.2453,long_shot,1,145.0,152.0,307.711,3,
228,nfl:gsis:00-0033921,16406,Chris Godwin Jr.,WR,TB,1.2,1.2,1.0,7.9,historical_forward_error_p80:WR,0.4454,bubble,1,141.0,93.0,107.943,1,
229,nfl:def:CLE,8070,Cleveland Browns,DEF,CLE,1.2,1.2,1.0,3.0,historical_forward_error_p80:DEF,0.2803,long_shot,1,151.0,207.0,101.11,1,
230,nfl:gsis:00-0039855,23179,Jalen McMillan,WR,TB,1.2,1.2,1.0,8.0,historical_forward_error_p80:WR,0.119,unlikely,1,191.0,174.0,87.23,,prior_jugg_salary
231,nfl:def:SEA,8260,Seattle Seahawks,DEF,SEA,1.2,1.2,1.0,3.0,historical_forward_error_p80:DEF,0.7969,likely,1,101.0,107.0,114.86,1,
232,nfl:gsis:00-0040899,28507,Trey Smack,K,GB,1.2,1.2,1.0,3.7,historical_forward_error_p80:K,0.995,very_likely,,192.0,185.0,126.86,,espn_salary_cap_value;prior_jugg_salary
233,nfl:gsis:00-0037746,20094,Brian Robinson Jr.,RB,ATL,1.1,1.1,1.0,7.3,historical_forward_error_p80:RB,0.3524,long_shot,1,172.0,130.0,86.168,2,
234,nfl:gsis:00-0037525,22969,Jordan Mason,RB,MIN,1.1,1.1,1.0,7.3,historical_forward_error_p80:RB,0.5025,bubble,2,139.0,120.0,130.662,1,
235,nfl:gsis:00-0032726,15756,Ka'imi Fairbairn,K,HOU,1.1,1.1,1.0,3.6,historical_forward_error_p80:K,0.7594,likely,1,124.0,123.0,144.06,1,
236,nfl:def:KC,8150,Kansas City Chiefs,DEF,KC,1.1,1.1,1.0,2.9,historical_forward_error_p80:DEF,0.2517,long_shot,0,166.0,206.0,93.17,1,
237,nfl:gsis:00-0040737,23091,Terrance Ferguson,TE,LAR,1.1,1.1,1.0,6.1,historical_forward_error_p80:TE,0.2021,long_shot,2,174.0,145.0,83.135,,prior_jugg_salary
238,nfl:gsis:00-0023459,9001,Aaron Rodgers,QB,PIT,1.0,1.0,1.0,5.9,historical_forward_error_p80:QB,0.2125,long_shot,0,204.0,119.0,245.2,1,
239,nfl:gsis:00-0039890,24357,Adonai Mitchell,WR,NYJ,1.0,1.0,1.0,7.8,historical_forward_error_p80:WR,0.005,unlikely,1,,,74.125,1,adp_espn;adp_yahoo
240,nfl:gsis:00-0033906,16421,Alvin Kamara,RB,NO,1.0,1.0,1.0,7.2,historical_forward_error_p80:RB,0.3783,long_shot,1,157.0,146.0,87.729,14,
241,nfl:def:BUF,8030,Buffalo Bills,DEF,BUF,1.0,1.0,1.0,2.9,historical_forward_error_p80:DEF,0.8645,very_likely,,198.0,189.0,106.65,2,espn_salary_cap_value
242,nfl:gsis:00-0039163,23071,C.J. Stroud,QB,HOU,1.0,1.0,1.0,5.9,historical_forward_error_p80:QB,0.2358,long_shot,0,173.0,143.0,284.335,12,
243,nfl:gsis:00-0034837,17258,Calvin Ridley,WR,TEN,1.0,1.0,1.0,7.8,historical_forward_error_p80:WR,0.062,unlikely,1,188.0,,101.477,2,adp_yahoo
244,nfl:gsis:00-0039409,26475,Cam Little,K,JAX,1.0,1.0,1.0,3.5,historical_forward_error_p80:K,0.5659,bubble,1,133.0,171.0,131.47,1,
245,nfl:gsis:00-0040676,24755,Cam Ward,QB,TEN,1.0,1.0,1.0,5.9,historical_forward_error_p80:QB,0.1632,unlikely,0,200.0,142.0,252.263,,prior_jugg_salary
246,nfl:gsis:00-0041561,22953,Carson Beck,QB,ARI,1.0,1.0,1.0,5.9,historical_forward_error_p80:QB,0.005,unlikely,0,246.0,,25.434,,adp_yahoo;prior_jugg_salary
247,nfl:def:CHI,8050,Chicago Bears,DEF,CHI,1.0,1.0,1.0,2.9,historical_forward_error_p80:DEF,0.954,very_likely,,205.0,160.0,104.97,1,espn_salary_cap_value
248,nfl:gsis:00-0033908,16433,Cooper Kupp,WR,SEA,1.0,1.0,1.0,7.8,historical_forward_error_p80:WR,0.229,long_shot,0,199.0,127.0,77.755,1,
249,nfl:def:DAL,8080,Dallas Cowboys,DEF,DAL,1.0,1.0,1.0,2.9,historical_forward_error_p80:DEF,0.995,very_likely,,175.0,162.0,95.58,1,espn_salary_cap_value
250,nfl:gsis:00-0035710,18232,Daniel Jones,QB,IND,1.0,1.0,1.0,5.9,historical_forward_error_p80:QB,0.188,unlikely,1,158.0,156.0,298.074,1,
251,nfl:gsis:00-0035535,18706,Darius Slayton,WR,NYG,1.0,1.0,1.0,7.8,historical_forward_error_p80:WR,0.005,unlikely,0,,,64.425,1,adp_espn;adp_yahoo
252,nfl:gsis:00-0041035,28138,De'Zhaun Stribling,WR,SF,1.0,1.0,1.0,7.8,historical_forward_error_p80:WR,0.3133,long_shot,1,152.0,137.0,100.123,,prior_jugg_salary
253,nfl:gsis:00-0035719,18244,Deebo Samuel Sr.,WR,SF,1.0,1.0,1.0,7.8,historical_forward_error_p80:WR,0.3963,long_shot,2,128.0,157.0,110.547,3,
254,nfl:gsis:00-0033537,16398,Deshaun Watson,QB,CLE,1.0,1.0,1.0,5.9,historical_forward_error_p80:QB,0.0385,unlikely,0,,,162.508,5,adp_espn;adp_yahoo
255,nfl:gsis:00-0041562,28013,Fernando Mendoza,QB,LV,1.0,1.0,1.0,5.9,historical_forward_error_p80:QB,0.2672,long_shot,0,182.0,126.0,208.986,,prior_jugg_salary
256,nfl:gsis:00-0033090,15561,Hunter Henry,TE,NE,1.0,1.0,1.0,6.0,historical_forward_error_p80:TE,0.2713,long_shot,2,137.0,158.0,94.764,1,
257,nfl:gsis:00-0040669,27446,Isaac TeSlaa,WR,DET,1.0,1.0,1.0,7.8,historical_forward_error_p80:WR,0.7147,likely,,,144.0,59.716,,espn_salary_cap_value;adp_espn;prior_jugg_salary
258,nfl:gsis:00-0039923,23018,J.J. McCarthy,QB,MIN,1.0,1.0,1.0,5.9,historical_forward_error_p80:QB,0.005,unlikely,0,222.0,,24.245,,adp_yahoo;prior_jugg_salary
259,nfl:gsis:00-0040870,27337,Ja'Kobi Lane,WR,BAL,1.0,1.0,1.0,7.8,historical_forward_error_p80:WR,0.2551,long_shot,0,179.0,135.0,87.902,,prior_jugg_salary
260,nfl:gsis:00-0037741,23101,Jahan Dotson,WR,ATL,1.0,1.0,1.0,7.8,historical_forward_error_p80:WR,0.0084,unlikely,0,,,57.33,3,adp_espn;adp_yahoo
261,nfl:gsis:00-0033787,16540,Jake Elliott,K,PHI,1.0,1.0,1.0,3.5,historical_forward_error_p80:K,0.995,very_likely,,197.0,173.0,119.81,1,espn_salary_cap_value
262,nfl:gsis:00-0034960,18598,Jakobi Meyers,WR,JAX,1.0,1.0,1.0,7.8,historical_forward_error_p80:WR,0.4717,bubble,3,103.0,165.0,110.436,1,
263,nfl:gsis:00-0036259,19590,Jauan Jennings,WR,MIN,1.0,1.0,1.0,7.8,historical_forward_error_p80:WR,0.1176,unlikely,0,,155.0,85.326,1,adp_espn
264,nfl:gsis:00-0039146,23020,Jayden Reed,WR,GB,1.0,1.0,1.0,7.8,historical_forward_error_p80:WR,0.5162,bubble,3,121.0,125.0,113.246,1,
265,nfl:gsis:00-0036407,19201,Jerry Jeudy,WR,CLE,1.0,1.0,1.0,7.8,historical_forward_error_p80:WR,0.1057,unlikely,1,171.0,,90.76,3,adp_yahoo
266,nfl:gsis:00-0026158,9300,Joe Flacco,QB,CIN,1.0,1.0,1.0,5.9,historical_forward_error_p80:QB,0.005,unlikely,0,282.0,,11.486,,adp_yahoo;prior_jugg_salary
267,nfl:gsis:00-0038994,23107,Jordan Addison,WR,MIN,1.0,1.0,1.0,7.8,historical_forward_error_p80:WR,0.6129,likely,4,107.0,122.0,113.737,2,
268,nfl:gsis:00-0036264,19246,Jordan Love,QB,GB,1.0,1.0,1.0,5.9,historical_forward_error_p80:QB,0.2761,long_shot,0,159.0,138.0,294.312,9,
269,nfl:gsis:00-0038997,24706,Josh Downs,WR,IND,1.0,1.0,1.0,7.8,historical_forward_error_p80:WR,0.5546,bubble,2,115.0,110.0,94.917,1,
270,nfl:gsis:00-0036945,19781,Justin Fields,QB,KC,1.0,1.0,1.0,5.9,historical_forward_error_p80:QB,0.005,unlikely,0,269.0,,13.021,2,adp_yahoo
271,nfl:gsis:00-0030279,11616,Keenan Allen,WR,IND,1.0,1.0,1.0,7.8,historical_forward_error_p80:WR,0.0765,unlikely,0,190.0,,83.185,4,adp_yahoo
272,nfl:gsis:00-0037261,23748,Khalil Shakir,WR,BUF,1.0,1.0,1.0,7.8,historical_forward_error_p80:WR,0.3162,long_shot,2,114.0,192.0,95.219,1,
273,nfl:gsis:00-0029604,11177,Kirk Cousins,QB,LV,1.0,1.0,1.0,5.9,historical_forward_error_p80:QB,0.005,unlikely,0,281.0,,52.198,1,adp_yahoo
274,nfl:gsis:00-0040867,25420,Makai Lemon,WR,PHI,1.0,1.0,1.0,7.8,historical_forward_error_p80:WR,0.4237,bubble,1,136.0,112.0,98.091,,prior_jugg_salary
275,nfl:gsis:00-0040667,26024,Matthew Golden,WR,GB,1.0,1.0,1.0,7.8,historical_forward_error_p80:WR,0.5447,bubble,4,94.0,164.0,105.596,2,
276,nfl:gsis:00-0039917,22973,Michael Penix Jr.,QB,ATL,1.0,1.0,1.0,5.9,historical_forward_error_p80:QB,0.0271,unlikely,0,,,90.641,,adp_espn;adp_yahoo;prior_jugg_salary
277,nfl:gsis:00-0036252,19278,Michael Pittman Jr.,WR,PIT,1.0,1.0,1.0,7.8,historical_forward_error_p80:WR,0.8007,very_likely,5,78.0,124.0,109.829,8,
278,nfl:gsis:00-0038559,25333,Michael Wilson,WR,ARI,1.0,1.0,1.0,7.8,historical_forward_error_p80:WR,0.6988,likely,4,95.0,105.0,109.089,,prior_jugg_salary
279,nfl:def:MIN,8170,Minnesota Vikings,DEF,MIN,1.0,1.0,1.0,2.9,historical_forward_error_p80:DEF,0.88,very_likely,,194.0,188.0,116.84,2,espn_salary_cap_value
280,nfl:def:NE,8180,New England Patriots,DEF,NE,1.0,1.0,1.0,2.9,historical_forward_error_p80:DEF,0.4668,bubble,1,147.0,154.0,107.4,1,
281,nfl:def:NYG,8200,New York Giants,DEF,NYG,1.0,1.0,1.0,2.9,historical_forward_error_p80:DEF,0.8664,very_likely,,210.0,176.0,95.34,,espn_salary_cap_value;prior_jugg_salary
282,nfl:gsis:00-0025565,9491,Nick Folk,K,ATL,1.0,1.0,1.0,3.5,historical_forward_error_p80:K,0.995,very_likely,,,175.0,128.57,4,espn_salary_cap_value;adp_espn
283,nfl:def:PHI,8230,Philadelphia Eagles,DEF,PHI,1.0,1.0,1.0,2.9,historical_forward_error_p80:DEF,0.5894,bubble,1,130.0,134.0,106.62,1,
284,nfl:gsis:00-0038544,23123,Quentin Johnston,WR,LAC,1.0,1.0,1.0,7.8,historical_forward_error_p80:WR,0.501,bubble,3,135.0,108.0,116.289,,prior_jugg_salary
285,nfl:gsis:00-0037256,23891,Rachaad White,RB,WAS,1.0,1.0,1.0,7.2,historical_forward_error_p80:RB,0.5613,bubble,2,129.0,128.0,125.464,18,
286,nfl:gsis:00-0037545,24687,Rashid Shaheed,WR,SEA,1.0,1.0,1.0,7.8,historical_forward_error_p80:WR,0.2374,long_shot,1,156.0,161.0,106.903,,prior_jugg_salary
287,nfl:def:SF,8270,San Francisco 49ers,DEF,SF,1.0,1.0,1.0,2.9,historical_forward_error_p80:DEF,0.995,very_likely,,195.0,159.0,88.08,2,espn_salary_cap_value
288,nfl:gsis:00-0040668,25968,Shedeur Sanders,QB,CLE,1.0,1.0,1.0,5.9,historical_forward_error_p80:QB,0.0289,unlikely,0,221.0,,97.844,,adp_yahoo;prior_jugg_salary
289,nfl:gsis:00-0031588,13981,Stefon Diggs,WR,WAS,1.0,1.0,1.0,7.8,historical_forward_error_p80:WR,0.5128,bubble,1,117.0,111.0,99.235,2,
290,nfl:gsis:00-0038977,25361,Tank Dell,WR,HOU,1.0,1.0,1.0,7.8,historical_forward_error_p80:WR,0.1394,unlikely,1,161.0,,96.617,6,adp_yahoo
291,nfl:gsis:00-0040718,26034,Travis Hunter,WR,JAX,1.0,1.0,1.0,7.8,historical_forward_error_p80:WR,0.4301,bubble,1,109.0,153.0,70.202,2,
292,nfl:gsis:00-0036212,19198,Tua Tagovailoa,QB,ATL,1.0,1.0,1.0,5.9,historical_forward_error_p80:QB,0.0084,unlikely,0,,,180.324,1,adp_espn;adp_yahoo
293,nfl:gsis:00-0038117,22985,Wan'Dale Robinson,WR,TEN,1.0,1.0,1.0,7.8,historical_forward_error_p80:WR,0.3881,long_shot,3,105.0,187.0,99.111,,prior_jugg_salary
294,nfl:gsis:00-0039894,23019,Xavier Worthy,WR,KC,1.0,1.0,1.0,7.8,historical_forward_error_p80:WR,0.4303,bubble,3,119.0,166.0,112.354,4,
