season,source,scoring,teams,budget_per_team,overall_rank,position,position_rank,player_name,nfl_team,salary_cap_value,bye_week,internal_player_id,fantasypros_id,identity_status,match_method,match_confidence,source_pdf,source_sha256
2024,espn,non_ppr,10,200,35,QB,1,Josh Allen,BUF,22,12,nfl:gsis:00-0034857,17298,stable,exact_name,0.95,data/raw/espn_cheat_sheets/espn_salary_cap_values_2024_non_ppr.pdf,922bcb5deda390a123693e0245e7a3219ea09876bf35367bde897c44e69eec1d
2024,espn,non_ppr,10,200,1,RB,1,Christian McCaffrey,SF,57,9,nfl:gsis:00-0033280,16393,stable,exact_name,0.95,data/raw/espn_cheat_sheets/espn_salary_cap_values_2024_non_ppr.pdf,922bcb5deda390a123693e0245e7a3219ea09876bf35367bde897c44e69eec1d
2024,espn,non_ppr,10,200,249,RB,78,Cordarrelle Patterson,PIT,0,9,nfl:gsis:00-0030578,11613,stable,exact_name,0.95,data/raw/espn_cheat_sheets/espn_salary_cap_values_2024_non_ppr.pdf,922bcb5deda390a123693e0245e7a3219ea09876bf35367bde897c44e69eec1d
2024,espn,non_ppr,10,200,152,WR,68,Brandin Cooks,DAL,1,7,nfl:gsis:00-0031236,12122,stable,exact_name,0.95,data/raw/espn_cheat_sheets/espn_salary_cap_values_2024_non_ppr.pdf,922bcb5deda390a123693e0245e7a3219ea09876bf35367bde897c44e69eec1d
2024,espn,non_ppr,10,200,38,QB,2,Jalen Hurts,PHI,21,5,nfl:gsis:00-0036389,19275,stable,exact_name,0.95,data/raw/espn_cheat_sheets/espn_salary_cap_values_2024_non_ppr.pdf,922bcb5deda390a123693e0245e7a3219ea09876bf35367bde897c44e69eec1d
2024,espn,non_ppr,10,200,2,RB,2,Bijan Robinson,ATL,56,12,nfl:gsis:00-0038542,23133,stable,exact_name,0.95,data/raw/espn_cheat_sheets/espn_salary_cap_values_2024_non_ppr.pdf,922bcb5deda390a123693e0245e7a3219ea09876bf35367bde897c44e69eec1d
2024,espn,non_ppr,10,200,250,RB,79,D'Ernest Johnson,JAX,0,12,nfl:gsis:00-0035628,19111,stable,exact_name,0.95,data/raw/espn_cheat_sheets/espn_salary_cap_values_2024_non_ppr.pdf,922bcb5deda390a123693e0245e7a3219ea09876bf35367bde897c44e69eec1d
2024,espn,non_ppr,10,200,160,WR,69,Tre Tucker,LV,1,10,nfl:gsis:00-0038563,25337,stable,exact_name,0.95,data/raw/espn_cheat_sheets/espn_salary_cap_values_2024_non_ppr.pdf,922bcb5deda390a123693e0245e7a3219ea09876bf35367bde897c44e69eec1d
2024,espn,non_ppr,10,200,49,QB,3,Lamar Jackson,BAL,13,14,nfl:gsis:00-0034796,17233,stable,exact_name,0.95,data/raw/espn_cheat_sheets/espn_salary_cap_values_2024_non_ppr.pdf,922bcb5deda390a123693e0245e7a3219ea09876bf35367bde897c44e69eec1d
2024,espn,non_ppr,10,200,3,RB,3,Breece Hall,NYJ,55,12,nfl:gsis:00-0038120,22982,stable,exact_name,0.95,data/raw/espn_cheat_sheets/espn_salary_cap_values_2024_non_ppr.pdf,922bcb5deda390a123693e0245e7a3219ea09876bf35367bde897c44e69eec1d
2024,espn,non_ppr,10,200,251,RB,80,Emari Demercado,ARI,0,11,nfl:gsis:00-0038705,25654,stable,exact_name,0.95,data/raw/espn_cheat_sheets/espn_salary_cap_values_2024_non_ppr.pdf,922bcb5deda390a123693e0245e7a3219ea09876bf35367bde897c44e69eec1d
2024,espn,non_ppr,10,200,161,WR,70,Demarcus Robinson,LAR,0,6,nfl:gsis:00-0032775,15665,stable,exact_name,0.95,data/raw/espn_cheat_sheets/espn_salary_cap_values_2024_non_ppr.pdf,922bcb5deda390a123693e0245e7a3219ea09876bf35367bde897c44e69eec1d
2024,espn,non_ppr,10,200,50,QB,4,Patrick Mahomes,KC,13,6,nfl:gsis:00-0033873,16413,stable,exact_name,0.95,data/raw/espn_cheat_sheets/espn_salary_cap_values_2024_non_ppr.pdf,922bcb5deda390a123693e0245e7a3219ea09876bf35367bde897c44e69eec1d
2024,espn,non_ppr,10,200,9,RB,4,Jonathan Taylor,IND,51,14,nfl:gsis:00-0036223,19217,stable,exact_name,0.95,data/raw/espn_cheat_sheets/espn_salary_cap_values_2024_non_ppr.pdf,922bcb5deda390a123693e0245e7a3219ea09876bf35367bde897c44e69eec1d
2024,espn,non_ppr,10,200,265,RB,81,Tyler Goodson,IND,0,14,nfl:gsis:00-0037120,22976,stable,exact_name,0.95,data/raw/espn_cheat_sheets/espn_salary_cap_values_2024_non_ppr.pdf,922bcb5deda390a123693e0245e7a3219ea09876bf35367bde897c44e69eec1d
2024,espn,non_ppr,10,200,162,WR,71,Jalin Hyatt,NYG,0,11,nfl:gsis:00-0038938,25251,stable,exact_name,0.95,data/raw/espn_cheat_sheets/espn_salary_cap_values_2024_non_ppr.pdf,922bcb5deda390a123693e0245e7a3219ea09876bf35367bde897c44e69eec1d
2024,espn,non_ppr,10,200,58,QB,5,Anthony Richardson,IND,9,14,nfl:gsis:00-0039164,24347,stable,exact_name,0.95,data/raw/espn_cheat_sheets/espn_salary_cap_values_2024_non_ppr.pdf,922bcb5deda390a123693e0245e7a3219ea09876bf35367bde897c44e69eec1d
2024,espn,non_ppr,10,200,10,RB,5,Saquon Barkley,PHI,50,5,nfl:gsis:00-0034844,17240,stable,exact_name,0.95,data/raw/espn_cheat_sheets/espn_salary_cap_values_2024_non_ppr.pdf,922bcb5deda390a123693e0245e7a3219ea09876bf35367bde897c44e69eec1d
2024,espn,non_ppr,10,200,266,RB,82,Trayveon Williams,CIN,0,12,nfl:gsis:00-0035291,18607,stable,exact_name,0.95,data/raw/espn_cheat_sheets/espn_salary_cap_values_2024_non_ppr.pdf,922bcb5deda390a123693e0245e7a3219ea09876bf35367bde897c44e69eec1d
2024,espn,non_ppr,10,200,194,WR,72,Josh Downs,IND,0,14,nfl:gsis:00-0038997,24706,stable,exact_name,0.95,data/raw/espn_cheat_sheets/espn_salary_cap_values_2024_non_ppr.pdf,922bcb5deda390a123693e0245e7a3219ea09876bf35367bde897c44e69eec1d
2024,espn,non_ppr,10,200,59,QB,6,C.J. Stroud,HOU,9,14,nfl:gsis:00-0039163,23071,stable,exact_name,0.95,data/raw/espn_cheat_sheets/espn_salary_cap_values_2024_non_ppr.pdf,922bcb5deda390a123693e0245e7a3219ea09876bf35367bde897c44e69eec1d
2024,espn,non_ppr,10,200,14,RB,6,Kyren Williams,LAR,43,6,nfl:gsis:00-0037840,23059,stable,exact_name,0.95,data/raw/espn_cheat_sheets/espn_salary_cap_values_2024_non_ppr.pdf,922bcb5deda390a123693e0245e7a3219ea09876bf35367bde897c44e69eec1d
2024,espn,non_ppr,10,200,276,RB,83,JaMycal Hasty,NE,0,14,nfl:gsis:00-0035806,19627,stable,exact_name,0.95,data/raw/espn_cheat_sheets/espn_salary_cap_values_2024_non_ppr.pdf,922bcb5deda390a123693e0245e7a3219ea09876bf35367bde897c44e69eec1d
2024,espn,non_ppr,10,200,201,WR,73,DJ Chark Jr.,LAC,0,5,nfl:gsis:00-0034777,17292,stable,exact_name,0.95,data/raw/espn_cheat_sheets/espn_salary_cap_values_2024_non_ppr.pdf,922bcb5deda390a123693e0245e7a3219ea09876bf35367bde897c44e69eec1d
2024,espn,non_ppr,10,200,60,QB,7,Joe Burrow,CIN,9,12,nfl:gsis:00-0036442,19196,stable,exact_name,0.95,data/raw/espn_cheat_sheets/espn_salary_cap_values_2024_non_ppr.pdf,922bcb5deda390a123693e0245e7a3219ea09876bf35367bde897c44e69eec1d
2024,espn,non_ppr,10,200,15,RB,7,Derrick Henry,BAL,42,14,nfl:gsis:00-0032764,15514,stable,exact_name,0.95,data/raw/espn_cheat_sheets/espn_salary_cap_values_2024_non_ppr.pdf,922bcb5deda390a123693e0245e7a3219ea09876bf35367bde897c44e69eec1d
2024,espn,non_ppr,10,200,277,RB,84,Isaac Guerendo,SF,0,9,nfl:gsis:00-0039363,26392,stable,exact_name,0.95,data/raw/espn_cheat_sheets/espn_salary_cap_values_2024_non_ppr.pdf,922bcb5deda390a123693e0245e7a3219ea09876bf35367bde897c44e69eec1d
2024,espn,non_ppr,10,200,202,WR,74,Wan'Dale Robinson,NYG,0,11,nfl:gsis:00-0038117,22985,stable,exact_name,0.95,data/raw/espn_cheat_sheets/espn_salary_cap_values_2024_non_ppr.pdf,922bcb5deda390a123693e0245e7a3219ea09876bf35367bde897c44e69eec1d
2024,espn,non_ppr,10,200,61,QB,8,Dak Prescott,DAL,8,7,nfl:gsis:00-0033077,15600,stable,exact_name,0.95,data/raw/espn_cheat_sheets/espn_salary_cap_values_2024_non_ppr.pdf,922bcb5deda390a123693e0245e7a3219ea09876bf35367bde897c44e69eec1d
2024,espn,non_ppr,10,200,16,RB,8,Jahmyr Gibbs,DET,40,5,nfl:gsis:00-0039139,22968,stable,exact_name,0.95,data/raw/espn_cheat_sheets/espn_salary_cap_values_2024_non_ppr.pdf,922bcb5deda390a123693e0245e7a3219ea09876bf35367bde897c44e69eec1d
2024,espn,non_ppr,10,200,278,RB,85,Jeremy McNichols,WAS,0,14,nfl:gsis:00-0033955,16445,stable,exact_name,0.95,data/raw/espn_cheat_sheets/espn_salary_cap_values_2024_non_ppr.pdf,922bcb5deda390a123693e0245e7a3219ea09876bf35367bde897c44e69eec1d
2024,espn,non_ppr,10,200,203,WR,75,Tyler Boyd,TEN,0,5,nfl:gsis:00-0033009,15547,stable,exact_name,0.95,data/raw/espn_cheat_sheets/espn_salary_cap_values_2024_non_ppr.pdf,922bcb5deda390a123693e0245e7a3219ea09876bf35367bde897c44e69eec1d
2024,espn,non_ppr,10,200,91,QB,9,Kyler Murray,ARI,3,11,nfl:gsis:00-0035228,18600,stable,exact_name,0.95,data/raw/espn_cheat_sheets/espn_salary_cap_values_2024_non_ppr.pdf,922bcb5deda390a123693e0245e7a3219ea09876bf35367bde897c44e69eec1d
2024,espn,non_ppr,10,200,17,RB,9,Isiah Pacheco,KC,38,6,nfl:gsis:00-0037197,24333,stable,exact_name,0.95,data/raw/espn_cheat_sheets/espn_salary_cap_values_2024_non_ppr.pdf,922bcb5deda390a123693e0245e7a3219ea09876bf35367bde897c44e69eec1d
2024,espn,non_ppr,10,200,204,WR,76,Kendrick Bourne,NE,0,14,nfl:gsis:00-0033307,17066,stable,exact_name,0.95,data/raw/espn_cheat_sheets/espn_salary_cap_values_2024_non_ppr.pdf,922bcb5deda390a123693e0245e7a3219ea09876bf35367bde897c44e69eec1d
2024,espn,non_ppr,10,200,92,QB,10,Jordan Love,GB,3,10,nfl:gsis:00-0036264,19246,stable,exact_name,0.95,data/raw/espn_cheat_sheets/espn_salary_cap_values_2024_non_ppr.pdf,922bcb5deda390a123693e0245e7a3219ea09876bf35367bde897c44e69eec1d
2024,espn,non_ppr,10,200,24,RB,10,Travis Etienne Jr.,JAX,32,12,nfl:gsis:00-0036973,19231,stable,exact_name,0.95,data/raw/espn_cheat_sheets/espn_salary_cap_values_2024_non_ppr.pdf,922bcb5deda390a123693e0245e7a3219ea09876bf35367bde897c44e69eec1d
2024,espn,non_ppr,10,200,205,WR,77,Rashod Bateman,BAL,0,14,nfl:gsis:00-0036550,19794,stable,exact_name,0.95,data/raw/espn_cheat_sheets/espn_salary_cap_values_2024_non_ppr.pdf,922bcb5deda390a123693e0245e7a3219ea09876bf35367bde897c44e69eec1d
2024,espn,non_ppr,10,200,93,QB,11,Brock Purdy,SF,3,9,nfl:gsis:00-0037834,19797,stable,exact_name,0.95,data/raw/espn_cheat_sheets/espn_salary_cap_values_2024_non_ppr.pdf,922bcb5deda390a123693e0245e7a3219ea09876bf35367bde897c44e69eec1d
2024,espn,non_ppr,10,200,25,RB,11,Rachaad White,TB,31,11,nfl:gsis:00-0037256,23891,stable,exact_name,0.95,data/raw/espn_cheat_sheets/espn_salary_cap_values_2024_non_ppr.pdf,922bcb5deda390a123693e0245e7a3219ea09876bf35367bde897c44e69eec1d
2024,espn,non_ppr,10,200,4,WR,1,CeeDee Lamb,DAL,55,7,nfl:gsis:00-0036358,19202,stable,exact_name,0.95,data/raw/espn_cheat_sheets/espn_salary_cap_values_2024_non_ppr.pdf,922bcb5deda390a123693e0245e7a3219ea09876bf35367bde897c44e69eec1d
2024,espn,non_ppr,10,200,208,WR,78,Jalen Tolbert,DAL,0,7,nfl:gsis:00-0037666,23770,stable,exact_name,0.95,data/raw/espn_cheat_sheets/espn_salary_cap_values_2024_non_ppr.pdf,922bcb5deda390a123693e0245e7a3219ea09876bf35367bde897c44e69eec1d
2024,espn,non_ppr,10,200,99,QB,12,Jayden Daniels,WAS,2,14,nfl:gsis:00-0039910,22902,stable,exact_name,0.95,data/raw/espn_cheat_sheets/espn_salary_cap_values_2024_non_ppr.pdf,922bcb5deda390a123693e0245e7a3219ea09876bf35367bde897c44e69eec1d
2024,espn,non_ppr,10,200,28,RB,12,Josh Jacobs,GB,29,10,nfl:gsis:00-0035700,18269,stable,exact_name,0.95,data/raw/espn_cheat_sheets/espn_salary_cap_values_2024_non_ppr.pdf,922bcb5deda390a123693e0245e7a3219ea09876bf35367bde897c44e69eec1d
2024,espn,non_ppr,10,200,5,WR,2,Tyreek Hill,MIA,54,6,nfl:gsis:00-0033040,15802,stable,exact_name,0.95,data/raw/espn_cheat_sheets/espn_salary_cap_values_2024_non_ppr.pdf,922bcb5deda390a123693e0245e7a3219ea09876bf35367bde897c44e69eec1d
2024,espn,non_ppr,10,200,209,WR,79,Darius Slayton,NYG,0,11,nfl:gsis:00-0035535,18706,stable,exact_name,0.95,data/raw/espn_cheat_sheets/espn_salary_cap_values_2024_non_ppr.pdf,922bcb5deda390a123693e0245e7a3219ea09876bf35367bde897c44e69eec1d
2024,espn,non_ppr,10,200,118,QB,13,Aaron Rodgers,NYJ,2,12,nfl:gsis:00-0023459,9001,stable,exact_name,0.95,data/raw/espn_cheat_sheets/espn_salary_cap_values_2024_non_ppr.pdf,922bcb5deda390a123693e0245e7a3219ea09876bf35367bde897c44e69eec1d
2024,espn,non_ppr,10,200,29,RB,13,Kenneth Walker III,SEA,28,10,nfl:gsis:00-0038134,23021,stable,exact_name,0.95,data/raw/espn_cheat_sheets/espn_salary_cap_values_2024_non_ppr.pdf,922bcb5deda390a123693e0245e7a3219ea09876bf35367bde897c44e69eec1d
2024,espn,non_ppr,10,200,6,WR,3,Ja'Marr Chase,CIN,53,12,nfl:gsis:00-0036900,19788,stable,exact_name,0.95,data/raw/espn_cheat_sheets/espn_salary_cap_values_2024_non_ppr.pdf,922bcb5deda390a123693e0245e7a3219ea09876bf35367bde897c44e69eec1d
2024,espn,non_ppr,10,200,210,WR,80,Jalen McMillan,TB,0,11,nfl:gsis:00-0039855,23179,stable,exact_name,0.95,data/raw/espn_cheat_sheets/espn_salary_cap_values_2024_non_ppr.pdf,922bcb5deda390a123693e0245e7a3219ea09876bf35367bde897c44e69eec1d
2024,espn,non_ppr,10,200,119,QB,14,Justin Herbert,LAC,2,5,nfl:gsis:00-0036355,18635,stable,exact_name,0.95,data/raw/espn_cheat_sheets/espn_salary_cap_values_2024_non_ppr.pdf,922bcb5deda390a123693e0245e7a3219ea09876bf35367bde897c44e69eec1d
2024,espn,non_ppr,10,200,30,RB,14,James Cook,BUF,27,12,nfl:gsis:00-0037248,22958,stable,exact_name,0.95,data/raw/espn_cheat_sheets/espn_salary_cap_values_2024_non_ppr.pdf,922bcb5deda390a123693e0245e7a3219ea09876bf35367bde897c44e69eec1d
2024,espn,non_ppr,10,200,7,WR,4,Amon-Ra St. Brown,DET,53,5,nfl:gsis:00-0036963,19799,stable,exact_name,0.95,data/raw/espn_cheat_sheets/espn_salary_cap_values_2024_non_ppr.pdf,922bcb5deda390a123693e0245e7a3219ea09876bf35367bde897c44e69eec1d
2024,espn,non_ppr,10,200,211,WR,81,Josh Reynolds,DEN,0,14,nfl:gsis:00-0033943,16439,stable,exact_name,0.95,data/raw/espn_cheat_sheets/espn_salary_cap_values_2024_non_ppr.pdf,922bcb5deda390a123693e0245e7a3219ea09876bf35367bde897c44e69eec1d
2024,espn,non_ppr,10,200,120,QB,15,Kirk Cousins,ATL,2,12,nfl:gsis:00-0029604,11177,stable,exact_name,0.95,data/raw/espn_cheat_sheets/espn_salary_cap_values_2024_non_ppr.pdf,922bcb5deda390a123693e0245e7a3219ea09876bf35367bde897c44e69eec1d
2024,espn,non_ppr,10,200,39,RB,15,Joe Mixon,HOU,21,14,nfl:gsis:00-0033897,16420,stable,exact_name,0.95,data/raw/espn_cheat_sheets/espn_salary_cap_values_2024_non_ppr.pdf,922bcb5deda390a123693e0245e7a3219ea09876bf35367bde897c44e69eec1d
2024,espn,non_ppr,10,200,8,WR,5,Justin Jefferson,MIN,52,6,nfl:gsis:00-0036322,19236,stable,exact_name,0.95,data/raw/espn_cheat_sheets/espn_salary_cap_values_2024_non_ppr.pdf,922bcb5deda390a123693e0245e7a3219ea09876bf35367bde897c44e69eec1d
2024,espn,non_ppr,10,200,224,WR,82,Marvin Mims Jr.,DEN,0,14,nfl:gsis:00-0038976,23080,stable,exact_name,0.95,data/raw/espn_cheat_sheets/espn_salary_cap_values_2024_non_ppr.pdf,922bcb5deda390a123693e0245e7a3219ea09876bf35367bde897c44e69eec1d
2024,espn,non_ppr,10,200,132,QB,16,Caleb Williams,CHI,1,7,nfl:gsis:00-0039918,23084,stable,exact_name,0.95,data/raw/espn_cheat_sheets/espn_salary_cap_values_2024_non_ppr.pdf,922bcb5deda390a123693e0245e7a3219ea09876bf35367bde897c44e69eec1d
2024,espn,non_ppr,10,200,40,RB,16,Alvin Kamara,NO,20,12,nfl:gsis:00-0033906,16421,stable,exact_name,0.95,data/raw/espn_cheat_sheets/espn_salary_cap_values_2024_non_ppr.pdf,922bcb5deda390a123693e0245e7a3219ea09876bf35367bde897c44e69eec1d
2024,espn,non_ppr,10,200,11,WR,6,A.J. Brown,PHI,48,5,nfl:gsis:00-0035676,18218,stable,exact_name,0.95,data/raw/espn_cheat_sheets/espn_salary_cap_values_2024_non_ppr.pdf,922bcb5deda390a123693e0245e7a3219ea09876bf35367bde897c44e69eec1d
2024,espn,non_ppr,10,200,227,WR,83,Odell Beckham Jr.,MIA,0,6,nfl:gsis:00-0031235,12127,stable,exact_name,0.95,data/raw/espn_cheat_sheets/espn_salary_cap_values_2024_non_ppr.pdf,922bcb5deda390a123693e0245e7a3219ea09876bf35367bde897c44e69eec1d
2024,espn,non_ppr,10,200,133,QB,17,Deshaun Watson,CLE,1,10,nfl:gsis:00-0033537,16398,stable,exact_name,0.95,data/raw/espn_cheat_sheets/espn_salary_cap_values_2024_non_ppr.pdf,922bcb5deda390a123693e0245e7a3219ea09876bf35367bde897c44e69eec1d
2024,espn,non_ppr,10,200,41,RB,17,De'Von Achane,MIA,19,6,nfl:gsis:00-0039040,23136,stable,exact_name,0.95,data/raw/espn_cheat_sheets/espn_salary_cap_values_2024_non_ppr.pdf,922bcb5deda390a123693e0245e7a3219ea09876bf35367bde897c44e69eec1d
2024,espn,non_ppr,10,200,12,WR,7,Garrett Wilson,NYJ,46,12,nfl:gsis:00-0037740,23072,stable,exact_name,0.95,data/raw/espn_cheat_sheets/espn_salary_cap_values_2024_non_ppr.pdf,922bcb5deda390a123693e0245e7a3219ea09876bf35367bde897c44e69eec1d
2024,espn,non_ppr,10,200,228,WR,84,Zay Jones,ARI,0,11,nfl:gsis:00-0033891,16431,stable,exact_name,0.95,data/raw/espn_cheat_sheets/espn_salary_cap_values_2024_non_ppr.pdf,922bcb5deda390a123693e0245e7a3219ea09876bf35367bde897c44e69eec1d
2024,espn,non_ppr,10,200,134,QB,18,Trevor Lawrence,JAX,1,12,nfl:gsis:00-0036971,19780,stable,exact_name,0.95,data/raw/espn_cheat_sheets/espn_salary_cap_values_2024_non_ppr.pdf,922bcb5deda390a123693e0245e7a3219ea09876bf35367bde897c44e69eec1d
2024,espn,non_ppr,10,200,62,RB,18,D'Andre Swift,CHI,8,7,nfl:gsis:00-0036275,19210,stable,exact_name,0.95,data/raw/espn_cheat_sheets/espn_salary_cap_values_2024_non_ppr.pdf,922bcb5deda390a123693e0245e7a3219ea09876bf35367bde897c44e69eec1d
2024,espn,non_ppr,10,200,13,WR,8,Puka Nacua,LAR,45,6,nfl:gsis:00-0039075,23180,stable,exact_name,0.95,data/raw/espn_cheat_sheets/espn_salary_cap_values_2024_non_ppr.pdf,922bcb5deda390a123693e0245e7a3219ea09876bf35367bde897c44e69eec1d
2024,espn,non_ppr,10,200,229,WR,85,Andrei Iosivas,CIN,0,12,nfl:gsis:00-0038619,25335,stable,exact_name,0.95,data/raw/espn_cheat_sheets/espn_salary_cap_values_2024_non_ppr.pdf,922bcb5deda390a123693e0245e7a3219ea09876bf35367bde897c44e69eec1d
2024,espn,non_ppr,10,200,163,QB,19,Tua Tagovailoa,MIA,0,6,nfl:gsis:00-0036212,19198,stable,exact_name,0.95,data/raw/espn_cheat_sheets/espn_salary_cap_values_2024_non_ppr.pdf,922bcb5deda390a123693e0245e7a3219ea09876bf35367bde897c44e69eec1d
2024,espn,non_ppr,10,200,63,RB,19,James Conner,ARI,8,11,nfl:gsis:00-0033553,16447,stable,exact_name,0.95,data/raw/espn_cheat_sheets/espn_salary_cap_values_2024_non_ppr.pdf,922bcb5deda390a123693e0245e7a3219ea09876bf35367bde897c44e69eec1d
2024,espn,non_ppr,10,200,18,WR,9,Chris Olave,NO,37,12,nfl:gsis:00-0037239,20111,stable,exact_name,0.95,data/raw/espn_cheat_sheets/espn_salary_cap_values_2024_non_ppr.pdf,922bcb5deda390a123693e0245e7a3219ea09876bf35367bde897c44e69eec1d
2024,espn,non_ppr,10,200,230,WR,86,Quentin Johnston,LAC,0,5,nfl:gsis:00-0038544,23123,stable,exact_name,0.95,data/raw/espn_cheat_sheets/espn_salary_cap_values_2024_non_ppr.pdf,922bcb5deda390a123693e0245e7a3219ea09876bf35367bde897c44e69eec1d
2024,espn,non_ppr,10,200,164,QB,20,Jared Goff,DET,0,5,nfl:gsis:00-0033106,15501,stable,exact_name,0.95,data/raw/espn_cheat_sheets/espn_salary_cap_values_2024_non_ppr.pdf,922bcb5deda390a123693e0245e7a3219ea09876bf35367bde897c44e69eec1d
2024,espn,non_ppr,10,200,64,RB,20,Rhamondre Stevenson,NE,7,14,nfl:gsis:00-0036875,22726,stable,exact_name,0.95,data/raw/espn_cheat_sheets/espn_salary_cap_values_2024_non_ppr.pdf,922bcb5deda390a123693e0245e7a3219ea09876bf35367bde897c44e69eec1d
2024,espn,non_ppr,10,200,19,WR,10,Mike Evans,TB,36,11,nfl:gsis:00-0031408,12119,stable,exact_name,0.95,data/raw/espn_cheat_sheets/espn_salary_cap_values_2024_non_ppr.pdf,922bcb5deda390a123693e0245e7a3219ea09876bf35367bde897c44e69eec1d
2024,espn,non_ppr,10,200,231,WR,87,Ray-Ray McCloud III,ATL,0,12,nfl:gsis:00-0034407,17530,stable,exact_name,0.95,data/raw/espn_cheat_sheets/espn_salary_cap_values_2024_non_ppr.pdf,922bcb5deda390a123693e0245e7a3219ea09876bf35367bde897c44e69eec1d
2024,espn,non_ppr,10,200,197,QB,21,Matthew Stafford,LAR,0,6,nfl:gsis:00-0026498,9451,stable,exact_name,0.95,data/raw/espn_cheat_sheets/espn_salary_cap_values_2024_non_ppr.pdf,922bcb5deda390a123693e0245e7a3219ea09876bf35367bde897c44e69eec1d
2024,espn,non_ppr,10,200,65,RB,21,Najee Harris,PIT,7,9,nfl:gsis:00-0036893,19302,stable,exact_name,0.95,data/raw/espn_cheat_sheets/espn_salary_cap_values_2024_non_ppr.pdf,922bcb5deda390a123693e0245e7a3219ea09876bf35367bde897c44e69eec1d
2024,espn,non_ppr,10,200,20,WR,11,Deebo Samuel Sr.,SF,35,9,nfl:gsis:00-0035719,18244,stable,exact_name,0.95,data/raw/espn_cheat_sheets/espn_salary_cap_values_2024_non_ppr.pdf,922bcb5deda390a123693e0245e7a3219ea09876bf35367bde897c44e69eec1d
2024,espn,non_ppr,10,200,232,WR,88,Trey Palmer,TB,0,11,nfl:gsis:00-0039052,25331,stable,exact_name,0.95,data/raw/espn_cheat_sheets/espn_salary_cap_values_2024_non_ppr.pdf,922bcb5deda390a123693e0245e7a3219ea09876bf35367bde897c44e69eec1d
2024,espn,non_ppr,10,200,198,QB,22,Bryce Young,CAR,0,11,nfl:gsis:00-0039150,22900,stable,exact_name,0.95,data/raw/espn_cheat_sheets/espn_salary_cap_values_2024_non_ppr.pdf,922bcb5deda390a123693e0245e7a3219ea09876bf35367bde897c44e69eec1d
2024,espn,non_ppr,10,200,66,RB,22,Zamir White,LV,7,10,nfl:gsis:00-0038040,20095,stable,exact_name,0.95,data/raw/espn_cheat_sheets/espn_salary_cap_values_2024_non_ppr.pdf,922bcb5deda390a123693e0245e7a3219ea09876bf35367bde897c44e69eec1d
2024,espn,non_ppr,10,200,21,WR,12,DK Metcalf,SEA,34,10,nfl:gsis:00-0035640,18219,stable,exact_name,0.95,data/raw/espn_cheat_sheets/espn_salary_cap_values_2024_non_ppr.pdf,922bcb5deda390a123693e0245e7a3219ea09876bf35367bde897c44e69eec1d
2024,espn,non_ppr,10,200,233,WR,89,Troy Franklin,DEN,0,14,nfl:gsis:00-0039868,23092,stable,exact_name,0.95,data/raw/espn_cheat_sheets/espn_salary_cap_values_2024_non_ppr.pdf,922bcb5deda390a123693e0245e7a3219ea09876bf35367bde897c44e69eec1d
2024,espn,non_ppr,10,200,199,QB,23,Daniel Jones,NYG,0,11,nfl:gsis:00-0035710,18232,stable,exact_name,0.95,data/raw/espn_cheat_sheets/espn_salary_cap_values_2024_non_ppr.pdf,922bcb5deda390a123693e0245e7a3219ea09876bf35367bde897c44e69eec1d
2024,espn,non_ppr,10,200,76,RB,23,Aaron Jones,MIN,5,6,nfl:gsis:00-0033293,16673,stable,exact_name,0.95,data/raw/espn_cheat_sheets/espn_salary_cap_values_2024_non_ppr.pdf,922bcb5deda390a123693e0245e7a3219ea09876bf35367bde897c44e69eec1d
2024,espn,non_ppr,10,200,22,WR,13,Nico Collins,HOU,33,14,nfl:gsis:00-0036554,20130,stable,exact_name,0.95,data/raw/espn_cheat_sheets/espn_salary_cap_values_2024_non_ppr.pdf,922bcb5deda390a123693e0245e7a3219ea09876bf35367bde897c44e69eec1d
2024,espn,non_ppr,10,200,234,WR,90,Malachi Corley,NYJ,0,12,nfl:gsis:00-0039920,26023,stable,exact_name,0.95,data/raw/espn_cheat_sheets/espn_salary_cap_values_2024_non_ppr.pdf,922bcb5deda390a123693e0245e7a3219ea09876bf35367bde897c44e69eec1d
2024,espn,non_ppr,10,200,200,QB,24,Will Levis,TEN,0,5,nfl:gsis:00-0039152,22987,stable,exact_name,0.95,data/raw/espn_cheat_sheets/espn_salary_cap_values_2024_non_ppr.pdf,922bcb5deda390a123693e0245e7a3219ea09876bf35367bde897c44e69eec1d
2024,espn,non_ppr,10,200,77,RB,24,David Montgomery,DET,5,5,nfl:gsis:00-0035685,18239,stable,exact_name,0.95,data/raw/espn_cheat_sheets/espn_salary_cap_values_2024_non_ppr.pdf,922bcb5deda390a123693e0245e7a3219ea09876bf35367bde897c44e69eec1d
2024,espn,non_ppr,10,200,23,WR,14,Marvin Harrison Jr.,ARI,32,11,nfl:gsis:00-0039849,23064,stable,exact_name,0.95,data/raw/espn_cheat_sheets/espn_salary_cap_values_2024_non_ppr.pdf,922bcb5deda390a123693e0245e7a3219ea09876bf35367bde897c44e69eec1d
2024,espn,non_ppr,10,200,218,QB,25,Baker Mayfield,TB,0,11,nfl:gsis:00-0034855,17237,stable,exact_name,0.95,data/raw/espn_cheat_sheets/espn_salary_cap_values_2024_non_ppr.pdf,922bcb5deda390a123693e0245e7a3219ea09876bf35367bde897c44e69eec1d
2024,espn,non_ppr,10,200,78,RB,25,Brian Robinson Jr.,WAS,4,14,nfl:gsis:00-0037746,20094,stable,exact_name,0.95,data/raw/espn_cheat_sheets/espn_salary_cap_values_2024_non_ppr.pdf,922bcb5deda390a123693e0245e7a3219ea09876bf35367bde897c44e69eec1d
2024,espn,non_ppr,10,200,26,WR,15,Brandon Aiyuk,SF,30,9,nfl:gsis:00-0036261,19252,stable,exact_name,0.95,data/raw/espn_cheat_sheets/espn_salary_cap_values_2024_non_ppr.pdf,922bcb5deda390a123693e0245e7a3219ea09876bf35367bde897c44e69eec1d
2024,espn,non_ppr,10,200,219,QB,26,Geno Smith,SEA,0,10,nfl:gsis:00-0030565,11687,stable,exact_name,0.95,data/raw/espn_cheat_sheets/espn_salary_cap_values_2024_non_ppr.pdf,922bcb5deda390a123693e0245e7a3219ea09876bf35367bde897c44e69eec1d
2024,espn,non_ppr,10,200,79,RB,26,Javonte Williams,DEN,4,14,nfl:gsis:00-0036997,22739,stable,exact_name,0.95,data/raw/espn_cheat_sheets/espn_salary_cap_values_2024_non_ppr.pdf,922bcb5deda390a123693e0245e7a3219ea09876bf35367bde897c44e69eec1d
2024,espn,non_ppr,10,200,27,WR,16,Davante Adams,LV,30,10,nfl:gsis:00-0031381,12123,stable,exact_name,0.95,data/raw/espn_cheat_sheets/espn_salary_cap_values_2024_non_ppr.pdf,922bcb5deda390a123693e0245e7a3219ea09876bf35367bde897c44e69eec1d
2024,espn,non_ppr,10,200,169,DEF,1,Browns D/ST,CLE,1,10,nfl:def:CLE,8070,stable,exact_defense_team,1.0,data/raw/espn_cheat_sheets/espn_salary_cap_values_2024_non_ppr.pdf,922bcb5deda390a123693e0245e7a3219ea09876bf35367bde897c44e69eec1d
2024,espn,non_ppr,10,200,220,QB,27,Bo Nix,DEN,0,14,nfl:gsis:00-0039732,22910,stable,exact_name,0.95,data/raw/espn_cheat_sheets/espn_salary_cap_values_2024_non_ppr.pdf,922bcb5deda390a123693e0245e7a3219ea09876bf35367bde897c44e69eec1d
2024,espn,non_ppr,10,200,80,RB,27,Tony Pollard,TEN,4,5,nfl:gsis:00-0035261,18705,stable,exact_name,0.95,data/raw/espn_cheat_sheets/espn_salary_cap_values_2024_non_ppr.pdf,922bcb5deda390a123693e0245e7a3219ea09876bf35367bde897c44e69eec1d
2024,espn,non_ppr,10,200,31,WR,17,Drake London,ATL,26,12,nfl:gsis:00-0037238,23163,stable,exact_name,0.95,data/raw/espn_cheat_sheets/espn_salary_cap_values_2024_non_ppr.pdf,922bcb5deda390a123693e0245e7a3219ea09876bf35367bde897c44e69eec1d
2024,espn,non_ppr,10,200,170,DEF,2,Cowboys D/ST,DAL,1,7,nfl:def:DAL,8080,stable,exact_defense_team,1.0,data/raw/espn_cheat_sheets/espn_salary_cap_values_2024_non_ppr.pdf,922bcb5deda390a123693e0245e7a3219ea09876bf35367bde897c44e69eec1d
2024,espn,non_ppr,10,200,267,QB,28,Russell Wilson,PIT,0,9,nfl:gsis:00-0029263,11180,stable,exact_name,0.95,data/raw/espn_cheat_sheets/espn_salary_cap_values_2024_non_ppr.pdf,922bcb5deda390a123693e0245e7a3219ea09876bf35367bde897c44e69eec1d
2024,espn,non_ppr,10,200,87,RB,28,Raheem Mostert,MIA,3,6,nfl:gsis:00-0031687,14338,stable,exact_name,0.95,data/raw/espn_cheat_sheets/espn_salary_cap_values_2024_non_ppr.pdf,922bcb5deda390a123693e0245e7a3219ea09876bf35367bde897c44e69eec1d
2024,espn,non_ppr,10,200,32,WR,18,Malik Nabers,NYG,25,11,nfl:gsis:00-0039337,25409,stable,exact_name,0.95,data/raw/espn_cheat_sheets/espn_salary_cap_values_2024_non_ppr.pdf,922bcb5deda390a123693e0245e7a3219ea09876bf35367bde897c44e69eec1d
2024,espn,non_ppr,10,200,171,DEF,3,Jets D/ST,NYJ,1,12,nfl:def:NYJ,8210,stable,exact_defense_team,1.0,data/raw/espn_cheat_sheets/espn_salary_cap_values_2024_non_ppr.pdf,922bcb5deda390a123693e0245e7a3219ea09876bf35367bde897c44e69eec1d
2024,espn,non_ppr,10,200,268,QB,29,Derek Carr,NO,0,12,nfl:gsis:00-0031280,12092,stable,exact_name,0.95,data/raw/espn_cheat_sheets/espn_salary_cap_values_2024_non_ppr.pdf,922bcb5deda390a123693e0245e7a3219ea09876bf35367bde897c44e69eec1d
2024,espn,non_ppr,10,200,88,RB,29,Devin Singletary,NYG,3,11,nfl:gsis:00-0035250,18280,stable,exact_name,0.95,data/raw/espn_cheat_sheets/espn_salary_cap_values_2024_non_ppr.pdf,922bcb5deda390a123693e0245e7a3219ea09876bf35367bde897c44e69eec1d
2024,espn,non_ppr,10,200,33,WR,19,DJ Moore,CHI,24,7,nfl:gsis:00-0034827,17265,stable,exact_name,0.95,data/raw/espn_cheat_sheets/espn_salary_cap_values_2024_non_ppr.pdf,922bcb5deda390a123693e0245e7a3219ea09876bf35367bde897c44e69eec1d
2024,espn,non_ppr,10,200,172,DEF,4,Ravens D/ST,BAL,1,14,nfl:def:BAL,8020,stable,exact_defense_team,1.0,data/raw/espn_cheat_sheets/espn_salary_cap_values_2024_non_ppr.pdf,922bcb5deda390a123693e0245e7a3219ea09876bf35367bde897c44e69eec1d
2024,espn,non_ppr,10,200,269,QB,30,Drake Maye,NE,0,14,nfl:gsis:00-0039851,23046,stable,exact_name,0.95,data/raw/espn_cheat_sheets/espn_salary_cap_values_2024_non_ppr.pdf,922bcb5deda390a123693e0245e7a3219ea09876bf35367bde897c44e69eec1d
2024,espn,non_ppr,10,200,89,RB,30,Tyjae Spears,TEN,3,5,nfl:gsis:00-0039032,25323,stable,exact_name,0.95,data/raw/espn_cheat_sheets/espn_salary_cap_values_2024_non_ppr.pdf,922bcb5deda390a123693e0245e7a3219ea09876bf35367bde897c44e69eec1d
2024,espn,non_ppr,10,200,34,WR,20,Calvin Ridley,TEN,23,5,nfl:gsis:00-0034837,17258,stable,exact_name,0.95,data/raw/espn_cheat_sheets/espn_salary_cap_values_2024_non_ppr.pdf,922bcb5deda390a123693e0245e7a3219ea09876bf35367bde897c44e69eec1d
2024,espn,non_ppr,10,200,173,DEF,5,49ers D/ST,SF,1,9,nfl:def:SF,8270,stable,exact_defense_team,1.0,data/raw/espn_cheat_sheets/espn_salary_cap_values_2024_non_ppr.pdf,922bcb5deda390a123693e0245e7a3219ea09876bf35367bde897c44e69eec1d
2024,espn,non_ppr,10,200,270,QB,31,Gardner Minshew II,LV,0,10,nfl:gsis:00-0035289,18562,stable,exact_name,0.95,data/raw/espn_cheat_sheets/espn_salary_cap_values_2024_non_ppr.pdf,922bcb5deda390a123693e0245e7a3219ea09876bf35367bde897c44e69eec1d
2024,espn,non_ppr,10,200,90,RB,31,Jaylen Warren,PIT,3,9,nfl:gsis:00-0037228,24209,stable,exact_name,0.95,data/raw/espn_cheat_sheets/espn_salary_cap_values_2024_non_ppr.pdf,922bcb5deda390a123693e0245e7a3219ea09876bf35367bde897c44e69eec1d
2024,espn,non_ppr,10,200,42,WR,21,Michael Pittman Jr.,IND,19,14,nfl:gsis:00-0036252,19278,stable,exact_name,0.95,data/raw/espn_cheat_sheets/espn_salary_cap_values_2024_non_ppr.pdf,922bcb5deda390a123693e0245e7a3219ea09876bf35367bde897c44e69eec1d
2024,espn,non_ppr,10,200,174,DEF,6,Steelers D/ST,PIT,1,9,nfl:def:PIT,8240,stable,exact_defense_team,1.0,data/raw/espn_cheat_sheets/espn_salary_cap_values_2024_non_ppr.pdf,922bcb5deda390a123693e0245e7a3219ea09876bf35367bde897c44e69eec1d
2024,espn,non_ppr,10,200,296,QB,32,Sam Darnold,MIN,0,6,nfl:gsis:00-0034869,17236,stable,exact_name,0.95,data/raw/espn_cheat_sheets/espn_salary_cap_values_2024_non_ppr.pdf,922bcb5deda390a123693e0245e7a3219ea09876bf35367bde897c44e69eec1d
2024,espn,non_ppr,10,200,102,RB,32,Ezekiel Elliott,DAL,2,7,nfl:gsis:00-0033045,15498,stable,exact_name,0.95,data/raw/espn_cheat_sheets/espn_salary_cap_values_2024_non_ppr.pdf,922bcb5deda390a123693e0245e7a3219ea09876bf35367bde897c44e69eec1d
2024,espn,non_ppr,10,200,43,WR,22,Tee Higgins,CIN,18,12,nfl:gsis:00-0036410,19211,stable,exact_name,0.95,data/raw/espn_cheat_sheets/espn_salary_cap_values_2024_non_ppr.pdf,922bcb5deda390a123693e0245e7a3219ea09876bf35367bde897c44e69eec1d
2024,espn,non_ppr,10,200,175,DEF,7,Dolphins D/ST,MIA,1,6,nfl:def:MIA,8160,stable,exact_defense_team,1.0,data/raw/espn_cheat_sheets/espn_salary_cap_values_2024_non_ppr.pdf,922bcb5deda390a123693e0245e7a3219ea09876bf35367bde897c44e69eec1d
2024,espn,non_ppr,10,200,301,QB,33,Jacoby Brissett,NE,0,14,nfl:gsis:00-0033119,15642,stable,exact_name,0.95,data/raw/espn_cheat_sheets/espn_salary_cap_values_2024_non_ppr.pdf,922bcb5deda390a123693e0245e7a3219ea09876bf35367bde897c44e69eec1d
2024,espn,non_ppr,10,200,103,RB,33,Chase Brown,CIN,2,12,nfl:gsis:00-0038597,25324,stable,exact_name,0.95,data/raw/espn_cheat_sheets/espn_salary_cap_values_2024_non_ppr.pdf,922bcb5deda390a123693e0245e7a3219ea09876bf35367bde897c44e69eec1d
2024,espn,non_ppr,10,200,44,WR,23,Cooper Kupp,LAR,17,6,nfl:gsis:00-0033908,16433,stable,exact_name,0.95,data/raw/espn_cheat_sheets/espn_salary_cap_values_2024_non_ppr.pdf,922bcb5deda390a123693e0245e7a3219ea09876bf35367bde897c44e69eec1d
2024,espn,non_ppr,10,200,176,DEF,8,Saints D/ST,NO,1,12,nfl:def:NO,8190,stable,exact_defense_team,1.0,data/raw/espn_cheat_sheets/espn_salary_cap_values_2024_non_ppr.pdf,922bcb5deda390a123693e0245e7a3219ea09876bf35367bde897c44e69eec1d
2024,espn,non_ppr,10,200,302,QB,34,Justin Fields,PIT,0,9,nfl:gsis:00-0036945,19781,stable,exact_name,0.95,data/raw/espn_cheat_sheets/espn_salary_cap_values_2024_non_ppr.pdf,922bcb5deda390a123693e0245e7a3219ea09876bf35367bde897c44e69eec1d
2024,espn,non_ppr,10,200,104,RB,34,Austin Ekeler,WAS,2,14,nfl:gsis:00-0033699,16483,stable,exact_name,0.95,data/raw/espn_cheat_sheets/espn_salary_cap_values_2024_non_ppr.pdf,922bcb5deda390a123693e0245e7a3219ea09876bf35367bde897c44e69eec1d
2024,espn,non_ppr,10,200,45,WR,24,DeVonta Smith,PHI,17,5,nfl:gsis:00-0036912,19222,stable,exact_name,0.95,data/raw/espn_cheat_sheets/espn_salary_cap_values_2024_non_ppr.pdf,922bcb5deda390a123693e0245e7a3219ea09876bf35367bde897c44e69eec1d
2024,espn,non_ppr,10,200,177,DEF,9,Jaguars D/ST,JAX,1,12,nfl:def:JAX,8140,stable,exact_defense_team,1.0,data/raw/espn_cheat_sheets/espn_salary_cap_values_2024_non_ppr.pdf,922bcb5deda390a123693e0245e7a3219ea09876bf35367bde897c44e69eec1d
2024,espn,non_ppr,10,200,310,QB,35,Aidan O'Connell,LV,0,10,nfl:gsis:00-0038579,24330,stable,exact_name,0.95,data/raw/espn_cheat_sheets/espn_salary_cap_values_2024_non_ppr.pdf,922bcb5deda390a123693e0245e7a3219ea09876bf35367bde897c44e69eec1d
2024,espn,non_ppr,10,200,105,RB,35,Jonathon Brooks,CAR,2,11,nfl:gsis:00-0039344,26148,stable,exact_name,0.95,data/raw/espn_cheat_sheets/espn_salary_cap_values_2024_non_ppr.pdf,922bcb5deda390a123693e0245e7a3219ea09876bf35367bde897c44e69eec1d
2024,espn,non_ppr,10,200,46,WR,25,Jaylen Waddle,MIA,15,6,nfl:gsis:00-0036613,19790,stable,exact_name,0.95,data/raw/espn_cheat_sheets/espn_salary_cap_values_2024_non_ppr.pdf,922bcb5deda390a123693e0245e7a3219ea09876bf35367bde897c44e69eec1d
2024,espn,non_ppr,10,200,178,DEF,10,Bengals D/ST,CIN,1,12,nfl:def:CIN,8060,stable,exact_defense_team,1.0,data/raw/espn_cheat_sheets/espn_salary_cap_values_2024_non_ppr.pdf,922bcb5deda390a123693e0245e7a3219ea09876bf35367bde897c44e69eec1d
2024,espn,non_ppr,10,200,315,QB,36,Michael Penix Jr.,ATL,0,12,nfl:gsis:00-0039917,22973,stable,exact_name,0.95,data/raw/espn_cheat_sheets/espn_salary_cap_values_2024_non_ppr.pdf,922bcb5deda390a123693e0245e7a3219ea09876bf35367bde897c44e69eec1d
2024,espn,non_ppr,10,200,106,RB,36,Gus Edwards,LAC,2,5,nfl:gsis:00-0034184,17687,stable,exact_name,0.95,data/raw/espn_cheat_sheets/espn_salary_cap_values_2024_non_ppr.pdf,922bcb5deda390a123693e0245e7a3219ea09876bf35367bde897c44e69eec1d
2024,espn,non_ppr,10,200,47,WR,26,Stefon Diggs,HOU,15,14,nfl:gsis:00-0031588,13981,stable,exact_name,0.95,data/raw/espn_cheat_sheets/espn_salary_cap_values_2024_non_ppr.pdf,922bcb5deda390a123693e0245e7a3219ea09876bf35367bde897c44e69eec1d
2024,espn,non_ppr,10,200,179,DEF,11,Chiefs D/ST,KC,0,6,nfl:def:KC,8150,stable,exact_defense_team,1.0,data/raw/espn_cheat_sheets/espn_salary_cap_values_2024_non_ppr.pdf,922bcb5deda390a123693e0245e7a3219ea09876bf35367bde897c44e69eec1d
2024,espn,non_ppr,10,200,316,QB,37,Sam Howell,SEA,0,10,nfl:gsis:00-0037077,23045,stable,exact_name,0.95,data/raw/espn_cheat_sheets/espn_salary_cap_values_2024_non_ppr.pdf,922bcb5deda390a123693e0245e7a3219ea09876bf35367bde897c44e69eec1d
2024,espn,non_ppr,10,200,113,RB,37,Zack Moss,CIN,2,12,nfl:gsis:00-0036251,19263,stable,exact_name,0.95,data/raw/espn_cheat_sheets/espn_salary_cap_values_2024_non_ppr.pdf,922bcb5deda390a123693e0245e7a3219ea09876bf35367bde897c44e69eec1d
2024,espn,non_ppr,10,200,48,WR,27,George Pickens,PIT,14,9,nfl:gsis:00-0037247,22963,stable,exact_name,0.95,data/raw/espn_cheat_sheets/espn_salary_cap_values_2024_non_ppr.pdf,922bcb5deda390a123693e0245e7a3219ea09876bf35367bde897c44e69eec1d
2024,espn,non_ppr,10,200,180,DEF,12,Lions D/ST,DET,0,5,nfl:def:DET,8100,stable,exact_defense_team,1.0,data/raw/espn_cheat_sheets/espn_salary_cap_values_2024_non_ppr.pdf,922bcb5deda390a123693e0245e7a3219ea09876bf35367bde897c44e69eec1d
2024,espn,non_ppr,10,200,317,QB,38,Tyrod Taylor,NYJ,0,12,nfl:gsis:00-0028118,10007,stable,exact_name,0.95,data/raw/espn_cheat_sheets/espn_salary_cap_values_2024_non_ppr.pdf,922bcb5deda390a123693e0245e7a3219ea09876bf35367bde897c44e69eec1d
2024,espn,non_ppr,10,200,114,RB,38,J.K. Dobbins,LAC,2,5,nfl:gsis:00-0036158,19245,stable,exact_name,0.95,data/raw/espn_cheat_sheets/espn_salary_cap_values_2024_non_ppr.pdf,922bcb5deda390a123693e0245e7a3219ea09876bf35367bde897c44e69eec1d
2024,espn,non_ppr,10,200,52,WR,28,Tank Dell,HOU,11,14,nfl:gsis:00-0038977,25361,stable,exact_name,0.95,data/raw/espn_cheat_sheets/espn_salary_cap_values_2024_non_ppr.pdf,922bcb5deda390a123693e0245e7a3219ea09876bf35367bde897c44e69eec1d
2024,espn,non_ppr,10,200,235,DEF,13,Bears D/ST,CHI,0,7,nfl:def:CHI,8050,stable,exact_defense_team,1.0,data/raw/espn_cheat_sheets/espn_salary_cap_values_2024_non_ppr.pdf,922bcb5deda390a123693e0245e7a3219ea09876bf35367bde897c44e69eec1d
2024,espn,non_ppr,10,200,318,QB,39,Joe Flacco,IND,0,14,nfl:gsis:00-0026158,9300,stable,exact_name,0.95,data/raw/espn_cheat_sheets/espn_salary_cap_values_2024_non_ppr.pdf,922bcb5deda390a123693e0245e7a3219ea09876bf35367bde897c44e69eec1d
2024,espn,non_ppr,10,200,115,RB,39,Nick Chubb,CLE,2,10,nfl:gsis:00-0034791,17246,stable,exact_name,0.95,data/raw/espn_cheat_sheets/espn_salary_cap_values_2024_non_ppr.pdf,922bcb5deda390a123693e0245e7a3219ea09876bf35367bde897c44e69eec1d
2024,espn,non_ppr,10,200,53,WR,29,Rashee Rice,KC,11,6,nfl:gsis:00-0039067,23113,stable,exact_name,0.95,data/raw/espn_cheat_sheets/espn_salary_cap_values_2024_non_ppr.pdf,922bcb5deda390a123693e0245e7a3219ea09876bf35367bde897c44e69eec1d
2024,espn,non_ppr,10,200,236,DEF,14,Falcons D/ST,ATL,0,12,nfl:def:ATL,8010,stable,exact_defense_team,1.0,data/raw/espn_cheat_sheets/espn_salary_cap_values_2024_non_ppr.pdf,922bcb5deda390a123693e0245e7a3219ea09876bf35367bde897c44e69eec1d
2024,espn,non_ppr,10,200,319,QB,40,Jake Browning,CIN,0,12,nfl:gsis:00-0035100,18557,stable,exact_name,0.95,data/raw/espn_cheat_sheets/espn_salary_cap_values_2024_non_ppr.pdf,922bcb5deda390a123693e0245e7a3219ea09876bf35367bde897c44e69eec1d
2024,espn,non_ppr,10,200,116,RB,40,Chuba Hubbard,CAR,2,11,nfl:gsis:00-0036555,19792,stable,exact_name,0.95,data/raw/espn_cheat_sheets/espn_salary_cap_values_2024_non_ppr.pdf,922bcb5deda390a123693e0245e7a3219ea09876bf35367bde897c44e69eec1d
2024,espn,non_ppr,10,200,54,WR,30,Zay Flowers,BAL,10,14,nfl:gsis:00-0039064,22916,stable,exact_name,0.95,data/raw/espn_cheat_sheets/espn_salary_cap_values_2024_non_ppr.pdf,922bcb5deda390a123693e0245e7a3219ea09876bf35367bde897c44e69eec1d
2024,espn,non_ppr,10,200,254,DEF,15,Seahawks D/ST,SEA,0,10,nfl:def:SEA,8260,stable,exact_defense_team,1.0,data/raw/espn_cheat_sheets/espn_salary_cap_values_2024_non_ppr.pdf,922bcb5deda390a123693e0245e7a3219ea09876bf35367bde897c44e69eec1d
2024,espn,non_ppr,10,200,117,RB,41,Ty Chandler,MIN,2,6,nfl:gsis:00-0037276,19471,stable,exact_name,0.95,data/raw/espn_cheat_sheets/espn_salary_cap_values_2024_non_ppr.pdf,922bcb5deda390a123693e0245e7a3219ea09876bf35367bde897c44e69eec1d
2024,espn,non_ppr,10,200,55,WR,31,Diontae Johnson,CAR,10,11,nfl:gsis:00-0035216,18615,stable,exact_name,0.95,data/raw/espn_cheat_sheets/espn_salary_cap_values_2024_non_ppr.pdf,922bcb5deda390a123693e0245e7a3219ea09876bf35367bde897c44e69eec1d
2024,espn,non_ppr,10,200,121,RB,42,Jerome Ford,CLE,1,10,nfl:gsis:00-0037267,22921,stable,exact_name,0.95,data/raw/espn_cheat_sheets/espn_salary_cap_values_2024_non_ppr.pdf,922bcb5deda390a123693e0245e7a3219ea09876bf35367bde897c44e69eec1d
2024,espn,non_ppr,10,200,67,WR,32,Amari Cooper,CLE,7,10,nfl:gsis:00-0031544,13894,stable,exact_name,0.95,data/raw/espn_cheat_sheets/espn_salary_cap_values_2024_non_ppr.pdf,922bcb5deda390a123693e0245e7a3219ea09876bf35367bde897c44e69eec1d
2024,espn,non_ppr,10,200,36,TE,1,Sam LaPorta,DET,22,5,nfl:gsis:00-0039065,22978,stable,exact_name,0.95,data/raw/espn_cheat_sheets/espn_salary_cap_values_2024_non_ppr.pdf,922bcb5deda390a123693e0245e7a3219ea09876bf35367bde897c44e69eec1d
2024,espn,non_ppr,10,200,122,RB,43,Zach Charbonnet,SEA,1,10,nfl:gsis:00-0039165,23152,stable,exact_name,0.95,data/raw/espn_cheat_sheets/espn_salary_cap_values_2024_non_ppr.pdf,922bcb5deda390a123693e0245e7a3219ea09876bf35367bde897c44e69eec1d
2024,espn,non_ppr,10,200,68,WR,33,Chris Godwin,TB,6,11,nfl:gsis:00-0033921,16406,stable,exact_name,0.95,data/raw/espn_cheat_sheets/espn_salary_cap_values_2024_non_ppr.pdf,922bcb5deda390a123693e0245e7a3219ea09876bf35367bde897c44e69eec1d
2024,espn,non_ppr,10,200,181,K,1,Harrison Butker,KC,1,6,nfl:gsis:00-0033303,16712,stable,exact_name,0.95,data/raw/espn_cheat_sheets/espn_salary_cap_values_2024_non_ppr.pdf,922bcb5deda390a123693e0245e7a3219ea09876bf35367bde897c44e69eec1d
2024,espn,non_ppr,10,200,37,TE,2,Travis Kelce,KC,22,6,nfl:gsis:00-0030506,11594,stable,exact_name,0.95,data/raw/espn_cheat_sheets/espn_salary_cap_values_2024_non_ppr.pdf,922bcb5deda390a123693e0245e7a3219ea09876bf35367bde897c44e69eec1d
2024,espn,non_ppr,10,200,123,RB,44,Tyler Allgeier,ATL,1,12,nfl:gsis:00-0037263,24172,stable,exact_name,0.95,data/raw/espn_cheat_sheets/espn_salary_cap_values_2024_non_ppr.pdf,922bcb5deda390a123693e0245e7a3219ea09876bf35367bde897c44e69eec1d
2024,espn,non_ppr,10,200,69,WR,34,Christian Watson,GB,6,10,nfl:gsis:00-0038124,23886,stable,exact_name,0.95,data/raw/espn_cheat_sheets/espn_salary_cap_values_2024_non_ppr.pdf,922bcb5deda390a123693e0245e7a3219ea09876bf35367bde897c44e69eec1d
2024,espn,non_ppr,10,200,182,K,2,Brandon Aubrey,DAL,1,7,nfl:gsis:00-0037692,26068,stable,exact_name,0.95,data/raw/espn_cheat_sheets/espn_salary_cap_values_2024_non_ppr.pdf,922bcb5deda390a123693e0245e7a3219ea09876bf35367bde897c44e69eec1d
2024,espn,non_ppr,10,200,51,TE,3,Mark Andrews,BAL,12,14,nfl:gsis:00-0034753,17269,stable,exact_name,0.95,data/raw/espn_cheat_sheets/espn_salary_cap_values_2024_non_ppr.pdf,922bcb5deda390a123693e0245e7a3219ea09876bf35367bde897c44e69eec1d
2024,espn,non_ppr,10,200,124,RB,45,Blake Corum,LAR,1,6,nfl:gsis:00-0039738,23013,stable,exact_name,0.95,data/raw/espn_cheat_sheets/espn_salary_cap_values_2024_non_ppr.pdf,922bcb5deda390a123693e0245e7a3219ea09876bf35367bde897c44e69eec1d
2024,espn,non_ppr,10,200,70,WR,35,Terry McLaurin,WAS,6,14,nfl:gsis:00-0035659,18466,stable,exact_name,0.95,data/raw/espn_cheat_sheets/espn_salary_cap_values_2024_non_ppr.pdf,922bcb5deda390a123693e0245e7a3219ea09876bf35367bde897c44e69eec1d
2024,espn,non_ppr,10,200,183,K,3,Justin Tucker,BAL,1,14,nfl:gsis:00-0029597,11465,stable,exact_name,0.95,data/raw/espn_cheat_sheets/espn_salary_cap_values_2024_non_ppr.pdf,922bcb5deda390a123693e0245e7a3219ea09876bf35367bde897c44e69eec1d
2024,espn,non_ppr,10,200,56,TE,4,George Kittle,SF,10,9,nfl:gsis:00-0033288,16499,stable,exact_name,0.95,data/raw/espn_cheat_sheets/espn_salary_cap_values_2024_non_ppr.pdf,922bcb5deda390a123693e0245e7a3219ea09876bf35367bde897c44e69eec1d
2024,espn,non_ppr,10,200,142,RB,46,Trey Benson,ARI,1,11,nfl:gsis:00-0039921,25388,stable,exact_name,0.95,data/raw/espn_cheat_sheets/espn_salary_cap_values_2024_non_ppr.pdf,922bcb5deda390a123693e0245e7a3219ea09876bf35367bde897c44e69eec1d
2024,espn,non_ppr,10,200,71,WR,36,Christian Kirk,JAX,6,12,nfl:gsis:00-0034775,17268,stable,exact_name,0.95,data/raw/espn_cheat_sheets/espn_salary_cap_values_2024_non_ppr.pdf,922bcb5deda390a123693e0245e7a3219ea09876bf35367bde897c44e69eec1d
2024,espn,non_ppr,10,200,184,K,4,Jake Elliott,PHI,1,5,nfl:gsis:00-0033787,16540,stable,exact_name,0.95,data/raw/espn_cheat_sheets/espn_salary_cap_values_2024_non_ppr.pdf,922bcb5deda390a123693e0245e7a3219ea09876bf35367bde897c44e69eec1d
2024,espn,non_ppr,10,200,57,TE,5,Trey McBride,ARI,10,11,nfl:gsis:00-0037744,22936,stable,exact_name,0.95,data/raw/espn_cheat_sheets/espn_salary_cap_values_2024_non_ppr.pdf,922bcb5deda390a123693e0245e7a3219ea09876bf35367bde897c44e69eec1d
2024,espn,non_ppr,10,200,143,RB,47,Jaleel McLaughlin,DEN,1,14,nfl:gsis:00-0038794,25876,stable,exact_name,0.95,data/raw/espn_cheat_sheets/espn_salary_cap_values_2024_non_ppr.pdf,922bcb5deda390a123693e0245e7a3219ea09876bf35367bde897c44e69eec1d
2024,espn,non_ppr,10,200,72,WR,37,Keenan Allen,CHI,6,7,nfl:gsis:00-0030279,11616,stable,exact_name,0.95,data/raw/espn_cheat_sheets/espn_salary_cap_values_2024_non_ppr.pdf,922bcb5deda390a123693e0245e7a3219ea09876bf35367bde897c44e69eec1d
2024,espn,non_ppr,10,200,185,K,5,Greg Zuerlein,NYJ,1,12,nfl:gsis:00-0029621,11345,stable,exact_name,0.95,data/raw/espn_cheat_sheets/espn_salary_cap_values_2024_non_ppr.pdf,922bcb5deda390a123693e0245e7a3219ea09876bf35367bde897c44e69eec1d
2024,espn,non_ppr,10,200,73,TE,6,Kyle Pitts,ATL,6,12,nfl:gsis:00-0036970,20164,stable,exact_name,0.95,data/raw/espn_cheat_sheets/espn_salary_cap_values_2024_non_ppr.pdf,922bcb5deda390a123693e0245e7a3219ea09876bf35367bde897c44e69eec1d
2024,espn,non_ppr,10,200,144,RB,48,Bucky Irving,TB,1,11,nfl:gsis:00-0039361,25981,stable,exact_name,0.95,data/raw/espn_cheat_sheets/espn_salary_cap_values_2024_non_ppr.pdf,922bcb5deda390a123693e0245e7a3219ea09876bf35367bde897c44e69eec1d
2024,espn,non_ppr,10,200,81,WR,38,Jayden Reed,GB,4,10,nfl:gsis:00-0039146,23020,stable,exact_name,0.95,data/raw/espn_cheat_sheets/espn_salary_cap_values_2024_non_ppr.pdf,922bcb5deda390a123693e0245e7a3219ea09876bf35367bde897c44e69eec1d
2024,espn,non_ppr,10,200,186,K,6,Ka'imi Fairbairn,HOU,1,14,nfl:gsis:00-0032726,15756,stable,exact_name,0.95,data/raw/espn_cheat_sheets/espn_salary_cap_values_2024_non_ppr.pdf,922bcb5deda390a123693e0245e7a3219ea09876bf35367bde897c44e69eec1d
2024,espn,non_ppr,10,200,74,TE,7,David Njoku,CLE,5,10,nfl:gsis:00-0033885,16399,stable,exact_name,0.95,data/raw/espn_cheat_sheets/espn_salary_cap_values_2024_non_ppr.pdf,922bcb5deda390a123693e0245e7a3219ea09876bf35367bde897c44e69eec1d
2024,espn,non_ppr,10,200,145,RB,49,Rico Dowdle,DAL,1,7,nfl:gsis:00-0036139,19647,stable,exact_name,0.95,data/raw/espn_cheat_sheets/espn_salary_cap_values_2024_non_ppr.pdf,922bcb5deda390a123693e0245e7a3219ea09876bf35367bde897c44e69eec1d
2024,espn,non_ppr,10,200,82,WR,39,Xavier Worthy,KC,4,6,nfl:gsis:00-0039894,23019,stable,exact_name,0.95,data/raw/espn_cheat_sheets/espn_salary_cap_values_2024_non_ppr.pdf,922bcb5deda390a123693e0245e7a3219ea09876bf35367bde897c44e69eec1d
2024,espn,non_ppr,10,200,187,K,7,Evan McPherson,CIN,1,12,nfl:gsis:00-0036854,23297,stable,exact_name,0.95,data/raw/espn_cheat_sheets/espn_salary_cap_values_2024_non_ppr.pdf,922bcb5deda390a123693e0245e7a3219ea09876bf35367bde897c44e69eec1d
2024,espn,non_ppr,10,200,75,TE,8,Dalton Kincaid,BUF,5,12,nfl:gsis:00-0038933,25247,stable,exact_name,0.95,data/raw/espn_cheat_sheets/espn_salary_cap_values_2024_non_ppr.pdf,922bcb5deda390a123693e0245e7a3219ea09876bf35367bde897c44e69eec1d
2024,espn,non_ppr,10,200,146,RB,50,Antonio Gibson,NE,1,14,nfl:gsis:00-0036328,19624,stable,exact_name,0.95,data/raw/espn_cheat_sheets/espn_salary_cap_values_2024_non_ppr.pdf,922bcb5deda390a123693e0245e7a3219ea09876bf35367bde897c44e69eec1d
2024,espn,non_ppr,10,200,83,WR,40,Courtland Sutton,DEN,4,14,nfl:gsis:00-0034348,17253,stable,exact_name,0.95,data/raw/espn_cheat_sheets/espn_salary_cap_values_2024_non_ppr.pdf,922bcb5deda390a123693e0245e7a3219ea09876bf35367bde897c44e69eec1d
2024,espn,non_ppr,10,200,188,K,8,Jake Moody,SF,1,9,nfl:gsis:00-0038562,24009,stable,exact_name,0.95,data/raw/espn_cheat_sheets/espn_salary_cap_values_2024_non_ppr.pdf,922bcb5deda390a123693e0245e7a3219ea09876bf35367bde897c44e69eec1d
2024,espn,non_ppr,10,200,100,TE,9,Evan Engram,JAX,2,12,nfl:gsis:00-0033881,16411,stable,exact_name,0.95,data/raw/espn_cheat_sheets/espn_salary_cap_values_2024_non_ppr.pdf,922bcb5deda390a123693e0245e7a3219ea09876bf35367bde897c44e69eec1d
2024,espn,non_ppr,10,200,153,RB,51,Khalil Herbert,CHI,1,7,nfl:gsis:00-0036906,22763,stable,exact_name,0.95,data/raw/espn_cheat_sheets/espn_salary_cap_values_2024_non_ppr.pdf,922bcb5deda390a123693e0245e7a3219ea09876bf35367bde897c44e69eec1d
2024,espn,non_ppr,10,200,84,WR,41,Jaxon Smith-Njigba,SEA,4,10,nfl:gsis:00-0038543,23070,stable,exact_name,0.95,data/raw/espn_cheat_sheets/espn_salary_cap_values_2024_non_ppr.pdf,922bcb5deda390a123693e0245e7a3219ea09876bf35367bde897c44e69eec1d
2024,espn,non_ppr,10,200,189,K,9,Cameron Dicker,LAC,1,5,nfl:gsis:00-0037224,23901,stable,exact_name,0.95,data/raw/espn_cheat_sheets/espn_salary_cap_values_2024_non_ppr.pdf,922bcb5deda390a123693e0245e7a3219ea09876bf35367bde897c44e69eec1d
2024,espn,non_ppr,10,200,101,TE,10,Jake Ferguson,DAL,2,7,nfl:gsis:00-0038041,22718,stable,exact_name,0.95,data/raw/espn_cheat_sheets/espn_salary_cap_values_2024_non_ppr.pdf,922bcb5deda390a123693e0245e7a3219ea09876bf35367bde897c44e69eec1d
2024,espn,non_ppr,10,200,154,RB,52,Jordan Mason,SF,1,9,nfl:gsis:00-0037525,22969,stable,exact_name,0.95,data/raw/espn_cheat_sheets/espn_salary_cap_values_2024_non_ppr.pdf,922bcb5deda390a123693e0245e7a3219ea09876bf35367bde897c44e69eec1d
2024,espn,non_ppr,10,200,85,WR,42,Jordan Addison,MIN,4,6,nfl:gsis:00-0038994,23107,stable,exact_name,0.95,data/raw/espn_cheat_sheets/espn_salary_cap_values_2024_non_ppr.pdf,922bcb5deda390a123693e0245e7a3219ea09876bf35367bde897c44e69eec1d
2024,espn,non_ppr,10,200,190,K,10,Cairo Santos,CHI,1,7,nfl:gsis:00-0031203,13731,stable,exact_name,0.95,data/raw/espn_cheat_sheets/espn_salary_cap_values_2024_non_ppr.pdf,922bcb5deda390a123693e0245e7a3219ea09876bf35367bde897c44e69eec1d
2024,espn,non_ppr,10,200,110,TE,11,Brock Bowers,LV,2,10,nfl:gsis:00-0039338,22955,stable,exact_name,0.95,data/raw/espn_cheat_sheets/espn_salary_cap_values_2024_non_ppr.pdf,922bcb5deda390a123693e0245e7a3219ea09876bf35367bde897c44e69eec1d
2024,espn,non_ppr,10,200,155,RB,53,Jaylen Wright,MIA,1,6,nfl:gsis:00-0039874,25987,stable,exact_name,0.95,data/raw/espn_cheat_sheets/espn_salary_cap_values_2024_non_ppr.pdf,922bcb5deda390a123693e0245e7a3219ea09876bf35367bde897c44e69eec1d
2024,espn,non_ppr,10,200,86,WR,43,Rome Odunze,CHI,4,7,nfl:gsis:00-0039919,25411,stable,exact_name,0.95,data/raw/espn_cheat_sheets/espn_salary_cap_values_2024_non_ppr.pdf,922bcb5deda390a123693e0245e7a3219ea09876bf35367bde897c44e69eec1d
2024,espn,non_ppr,10,200,191,K,11,Younghoe Koo,ATL,0,12,nfl:gsis:00-0033702,16910,stable,exact_name,0.95,data/raw/espn_cheat_sheets/espn_salary_cap_values_2024_non_ppr.pdf,922bcb5deda390a123693e0245e7a3219ea09876bf35367bde897c44e69eec1d
2024,espn,non_ppr,10,200,111,TE,12,Dallas Goedert,PHI,2,5,nfl:gsis:00-0034351,17270,stable,exact_name,0.95,data/raw/espn_cheat_sheets/espn_salary_cap_values_2024_non_ppr.pdf,922bcb5deda390a123693e0245e7a3219ea09876bf35367bde897c44e69eec1d
2024,espn,non_ppr,10,200,156,RB,54,Tyrone Tracy Jr.,NYG,1,11,nfl:gsis:00-0039384,22980,stable,exact_name,0.95,data/raw/espn_cheat_sheets/espn_salary_cap_values_2024_non_ppr.pdf,922bcb5deda390a123693e0245e7a3219ea09876bf35367bde897c44e69eec1d
2024,espn,non_ppr,10,200,94,WR,44,Keon Coleman,BUF,3,12,nfl:gsis:00-0039901,26019,stable,exact_name,0.95,data/raw/espn_cheat_sheets/espn_salary_cap_values_2024_non_ppr.pdf,922bcb5deda390a123693e0245e7a3219ea09876bf35367bde897c44e69eec1d
2024,espn,non_ppr,10,200,192,K,12,Jake Bates,DET,0,5,nfl:gsis:00-0039172,26075,stable,exact_name,0.95,data/raw/espn_cheat_sheets/espn_salary_cap_values_2024_non_ppr.pdf,922bcb5deda390a123693e0245e7a3219ea09876bf35367bde897c44e69eec1d
2024,espn,non_ppr,10,200,112,TE,13,Taysom Hill,NO,2,12,nfl:gsis:00-0033357,17115,stable,exact_name,0.95,data/raw/espn_cheat_sheets/espn_salary_cap_values_2024_non_ppr.pdf,922bcb5deda390a123693e0245e7a3219ea09876bf35367bde897c44e69eec1d
2024,espn,non_ppr,10,200,157,RB,55,Ray Davis,BUF,1,12,nfl:gsis:00-0039875,26191,stable,exact_name,0.95,data/raw/espn_cheat_sheets/espn_salary_cap_values_2024_non_ppr.pdf,922bcb5deda390a123693e0245e7a3219ea09876bf35367bde897c44e69eec1d
2024,espn,non_ppr,10,200,95,WR,45,Ladd McConkey,LAC,3,5,nfl:gsis:00-0039915,26122,stable,exact_name,0.95,data/raw/espn_cheat_sheets/espn_salary_cap_values_2024_non_ppr.pdf,922bcb5deda390a123693e0245e7a3219ea09876bf35367bde897c44e69eec1d
2024,espn,non_ppr,10,200,237,K,13,Dustin Hopkins,CLE,0,10,nfl:gsis:00-0030098,11818,stable,exact_name,0.95,data/raw/espn_cheat_sheets/espn_salary_cap_values_2024_non_ppr.pdf,922bcb5deda390a123693e0245e7a3219ea09876bf35367bde897c44e69eec1d
2024,espn,non_ppr,10,200,135,TE,14,T.J. Hockenson,MIN,1,6,nfl:gsis:00-0035229,18290,stable,exact_name,0.95,data/raw/espn_cheat_sheets/espn_salary_cap_values_2024_non_ppr.pdf,922bcb5deda390a123693e0245e7a3219ea09876bf35367bde897c44e69eec1d
2024,espn,non_ppr,10,200,158,RB,56,MarShawn Lloyd,GB,1,10,nfl:gsis:00-0039811,23118,stable,exact_name,0.95,data/raw/espn_cheat_sheets/espn_salary_cap_values_2024_non_ppr.pdf,922bcb5deda390a123693e0245e7a3219ea09876bf35367bde897c44e69eec1d
2024,espn,non_ppr,10,200,96,WR,46,Brian Thomas Jr.,JAX,2,12,nfl:gsis:00-0039893,23000,stable,exact_name,0.95,data/raw/espn_cheat_sheets/espn_salary_cap_values_2024_non_ppr.pdf,922bcb5deda390a123693e0245e7a3219ea09876bf35367bde897c44e69eec1d
2024,espn,non_ppr,10,200,238,K,14,Matt Gay,IND,0,14,nfl:gsis:00-0035269,18545,stable,exact_name,0.95,data/raw/espn_cheat_sheets/espn_salary_cap_values_2024_non_ppr.pdf,922bcb5deda390a123693e0245e7a3219ea09876bf35367bde897c44e69eec1d
2024,espn,non_ppr,10,200,136,TE,15,Pat Freiermuth,PIT,1,9,nfl:gsis:00-0036894,20163,stable,exact_name,0.95,data/raw/espn_cheat_sheets/espn_salary_cap_values_2024_non_ppr.pdf,922bcb5deda390a123693e0245e7a3219ea09876bf35367bde897c44e69eec1d
2024,espn,non_ppr,10,200,159,RB,57,Miles Sanders,CAR,1,11,nfl:gsis:00-0035243,18283,stable,exact_name,0.95,data/raw/espn_cheat_sheets/espn_salary_cap_values_2024_non_ppr.pdf,922bcb5deda390a123693e0245e7a3219ea09876bf35367bde897c44e69eec1d
2024,espn,non_ppr,10,200,97,WR,47,Jakobi Meyers,LV,2,10,nfl:gsis:00-0034960,18598,stable,exact_name,0.95,data/raw/espn_cheat_sheets/espn_salary_cap_values_2024_non_ppr.pdf,922bcb5deda390a123693e0245e7a3219ea09876bf35367bde897c44e69eec1d
2024,espn,non_ppr,10,200,256,K,15,Eddy Pineiro,CAR,0,11,nfl:gsis:00-0034173,17575,stable,exact_name,0.95,data/raw/espn_cheat_sheets/espn_salary_cap_values_2024_non_ppr.pdf,922bcb5deda390a123693e0245e7a3219ea09876bf35367bde897c44e69eec1d
2024,espn,non_ppr,10,200,137,TE,16,Dalton Schultz,HOU,1,14,nfl:gsis:00-0034383,17349,stable,exact_name,0.95,data/raw/espn_cheat_sheets/espn_salary_cap_values_2024_non_ppr.pdf,922bcb5deda390a123693e0245e7a3219ea09876bf35367bde897c44e69eec1d
2024,espn,non_ppr,10,200,195,RB,58,Clyde Edwards-Helaire,KC,0,6,nfl:gsis:00-0036360,19325,stable,exact_name,0.95,data/raw/espn_cheat_sheets/espn_salary_cap_values_2024_non_ppr.pdf,922bcb5deda390a123693e0245e7a3219ea09876bf35367bde897c44e69eec1d
2024,espn,non_ppr,10,200,98,WR,48,DeAndre Hopkins,TEN,2,5,nfl:gsis:00-0030564,11606,stable,exact_name,0.95,data/raw/espn_cheat_sheets/espn_salary_cap_values_2024_non_ppr.pdf,922bcb5deda390a123693e0245e7a3219ea09876bf35367bde897c44e69eec1d
2024,espn,non_ppr,10,200,165,TE,17,Tyler Conklin,NYJ,0,12,nfl:gsis:00-0034270,17598,stable,exact_name,0.95,data/raw/espn_cheat_sheets/espn_salary_cap_values_2024_non_ppr.pdf,922bcb5deda390a123693e0245e7a3219ea09876bf35367bde897c44e69eec1d
2024,espn,non_ppr,10,200,196,RB,59,Samaje Perine,KC,0,6,nfl:gsis:00-0033526,16423,stable,exact_name,0.95,data/raw/espn_cheat_sheets/espn_salary_cap_values_2024_non_ppr.pdf,922bcb5deda390a123693e0245e7a3219ea09876bf35367bde897c44e69eec1d
2024,espn,non_ppr,10,200,107,WR,49,Mike Williams,NYJ,2,12,nfl:gsis:00-0033536,16377,stable,exact_name,0.95,data/raw/espn_cheat_sheets/espn_salary_cap_values_2024_non_ppr.pdf,922bcb5deda390a123693e0245e7a3219ea09876bf35367bde897c44e69eec1d
2024,espn,non_ppr,10,200,166,TE,18,Chigoziem Okonkwo,TEN,0,5,nfl:gsis:00-0037809,23982,stable,exact_name,0.95,data/raw/espn_cheat_sheets/espn_salary_cap_values_2024_non_ppr.pdf,922bcb5deda390a123693e0245e7a3219ea09876bf35367bde897c44e69eec1d
2024,espn,non_ppr,10,200,212,RB,60,Jamaal Williams,NO,0,12,nfl:gsis:00-0033948,16424,stable,exact_name,0.95,data/raw/espn_cheat_sheets/espn_salary_cap_values_2024_non_ppr.pdf,922bcb5deda390a123693e0245e7a3219ea09876bf35367bde897c44e69eec1d
2024,espn,non_ppr,10,200,108,WR,50,Marquise Brown,KC,2,6,nfl:gsis:00-0035662,18226,stable,exact_name,0.95,data/raw/espn_cheat_sheets/espn_salary_cap_values_2024_non_ppr.pdf,922bcb5deda390a123693e0245e7a3219ea09876bf35367bde897c44e69eec1d
2024,espn,non_ppr,10,200,167,TE,19,Hunter Henry,NE,0,14,nfl:gsis:00-0033090,15561,stable,exact_name,0.95,data/raw/espn_cheat_sheets/espn_salary_cap_values_2024_non_ppr.pdf,922bcb5deda390a123693e0245e7a3219ea09876bf35367bde897c44e69eec1d
2024,espn,non_ppr,10,200,213,RB,61,Alexander Mattison,LV,0,10,nfl:gsis:00-0034972,18621,stable,exact_name,0.95,data/raw/espn_cheat_sheets/espn_salary_cap_values_2024_non_ppr.pdf,922bcb5deda390a123693e0245e7a3219ea09876bf35367bde897c44e69eec1d
2024,espn,non_ppr,10,200,109,WR,51,Tyler Lockett,SEA,2,10,nfl:gsis:00-0032211,13971,stable,exact_name,0.95,data/raw/espn_cheat_sheets/espn_salary_cap_values_2024_non_ppr.pdf,922bcb5deda390a123693e0245e7a3219ea09876bf35367bde897c44e69eec1d
2024,espn,non_ppr,10,200,168,TE,20,Juwan Johnson,NO,0,12,nfl:gsis:00-0036040,19562,stable,exact_name,0.95,data/raw/espn_cheat_sheets/espn_salary_cap_values_2024_non_ppr.pdf,922bcb5deda390a123693e0245e7a3219ea09876bf35367bde897c44e69eec1d
2024,espn,non_ppr,10,200,214,RB,62,Keaton Mitchell,BAL,0,14,nfl:gsis:00-0038454,25360,stable,exact_name,0.95,data/raw/espn_cheat_sheets/espn_salary_cap_values_2024_non_ppr.pdf,922bcb5deda390a123693e0245e7a3219ea09876bf35367bde897c44e69eec1d
2024,espn,non_ppr,10,200,125,WR,52,Jerry Jeudy,CLE,1,10,nfl:gsis:00-0036407,19201,stable,exact_name,0.95,data/raw/espn_cheat_sheets/espn_salary_cap_values_2024_non_ppr.pdf,922bcb5deda390a123693e0245e7a3219ea09876bf35367bde897c44e69eec1d
2024,espn,non_ppr,10,200,193,TE,21,Cole Kmet,CHI,0,7,nfl:gsis:00-0036290,19229,stable,exact_name,0.95,data/raw/espn_cheat_sheets/espn_salary_cap_values_2024_non_ppr.pdf,922bcb5deda390a123693e0245e7a3219ea09876bf35367bde897c44e69eec1d
2024,espn,non_ppr,10,200,221,RB,63,Kendre Miller,NO,0,12,nfl:gsis:00-0038551,24360,stable,exact_name,0.95,data/raw/espn_cheat_sheets/espn_salary_cap_values_2024_non_ppr.pdf,922bcb5deda390a123693e0245e7a3219ea09876bf35367bde897c44e69eec1d
2024,espn,non_ppr,10,200,126,WR,53,Jameson Williams,DET,1,5,nfl:gsis:00-0037240,23677,stable,exact_name,0.95,data/raw/espn_cheat_sheets/espn_salary_cap_values_2024_non_ppr.pdf,922bcb5deda390a123693e0245e7a3219ea09876bf35367bde897c44e69eec1d
2024,espn,non_ppr,10,200,206,TE,22,Tucker Kraft,GB,0,10,nfl:gsis:00-0038996,25298,stable,exact_name,0.95,data/raw/espn_cheat_sheets/espn_salary_cap_values_2024_non_ppr.pdf,922bcb5deda390a123693e0245e7a3219ea09876bf35367bde897c44e69eec1d
2024,espn,non_ppr,10,200,222,RB,64,D'Onta Foreman,CLE,0,10,nfl:gsis:00-0033925,16407,stable,exact_name,0.95,data/raw/espn_cheat_sheets/espn_salary_cap_values_2024_non_ppr.pdf,922bcb5deda390a123693e0245e7a3219ea09876bf35367bde897c44e69eec1d
2024,espn,non_ppr,10,200,127,WR,54,Darnell Mooney,ATL,1,12,nfl:gsis:00-0036309,19810,stable,exact_name,0.95,data/raw/espn_cheat_sheets/espn_salary_cap_values_2024_non_ppr.pdf,922bcb5deda390a123693e0245e7a3219ea09876bf35367bde897c44e69eec1d
2024,espn,non_ppr,10,200,207,TE,23,Luke Musgrave,GB,0,10,nfl:gsis:00-0039144,25282,stable,exact_name,0.95,data/raw/espn_cheat_sheets/espn_salary_cap_values_2024_non_ppr.pdf,922bcb5deda390a123693e0245e7a3219ea09876bf35367bde897c44e69eec1d
2024,espn,non_ppr,10,200,223,RB,65,Kenneth Gainwell,PHI,0,5,nfl:gsis:00-0036919,23310,stable,exact_name,0.95,data/raw/espn_cheat_sheets/espn_salary_cap_values_2024_non_ppr.pdf,922bcb5deda390a123693e0245e7a3219ea09876bf35367bde897c44e69eec1d
2024,espn,non_ppr,10,200,128,WR,55,DeMario Douglas,NE,1,14,nfl:gsis:00-0038621,25304,stable,exact_name,0.95,data/raw/espn_cheat_sheets/espn_salary_cap_values_2024_non_ppr.pdf,922bcb5deda390a123693e0245e7a3219ea09876bf35367bde897c44e69eec1d
2024,espn,non_ppr,10,200,215,TE,24,Cade Otton,TB,0,11,nfl:gsis:00-0038129,23181,stable,exact_name,0.95,data/raw/espn_cheat_sheets/espn_salary_cap_values_2024_non_ppr.pdf,922bcb5deda390a123693e0245e7a3219ea09876bf35367bde897c44e69eec1d
2024,espn,non_ppr,10,200,225,RB,66,Braelon Allen,NYJ,0,12,nfl:gsis:00-0039794,24346,stable,exact_name,0.95,data/raw/espn_cheat_sheets/espn_salary_cap_values_2024_non_ppr.pdf,922bcb5deda390a123693e0245e7a3219ea09876bf35367bde897c44e69eec1d
2024,espn,non_ppr,10,200,129,WR,56,Khalil Shakir,BUF,1,12,nfl:gsis:00-0037261,23748,stable,exact_name,0.95,data/raw/espn_cheat_sheets/espn_salary_cap_values_2024_non_ppr.pdf,922bcb5deda390a123693e0245e7a3219ea09876bf35367bde897c44e69eec1d
2024,espn,non_ppr,10,200,216,TE,25,Noah Fant,SEA,0,10,nfl:gsis:00-0035644,17527,stable,exact_name,0.95,data/raw/espn_cheat_sheets/espn_salary_cap_values_2024_non_ppr.pdf,922bcb5deda390a123693e0245e7a3219ea09876bf35367bde897c44e69eec1d
2024,espn,non_ppr,10,200,226,RB,67,Tank Bigsby,JAX,0,12,nfl:gsis:00-0038555,22908,stable,exact_name,0.95,data/raw/espn_cheat_sheets/espn_salary_cap_values_2024_non_ppr.pdf,922bcb5deda390a123693e0245e7a3219ea09876bf35367bde897c44e69eec1d
2024,espn,non_ppr,10,200,130,WR,57,Ja'Lynn Polk,NE,1,14,nfl:gsis:00-0039907,26205,stable,exact_name,0.95,data/raw/espn_cheat_sheets/espn_salary_cap_values_2024_non_ppr.pdf,922bcb5deda390a123693e0245e7a3219ea09876bf35367bde897c44e69eec1d
2024,espn,non_ppr,10,200,217,TE,26,Hayden Hurst,LAC,0,5,nfl:gsis:00-0034830,17283,stable,exact_name,0.95,data/raw/espn_cheat_sheets/espn_salary_cap_values_2024_non_ppr.pdf,922bcb5deda390a123693e0245e7a3219ea09876bf35367bde897c44e69eec1d
2024,espn,non_ppr,10,200,239,RB,68,Ty Johnson,BUF,0,12,nfl:gsis:00-0035537,18406,stable,exact_name,0.95,data/raw/espn_cheat_sheets/espn_salary_cap_values_2024_non_ppr.pdf,922bcb5deda390a123693e0245e7a3219ea09876bf35367bde897c44e69eec1d
2024,espn,non_ppr,10,200,131,WR,58,Gabe Davis,JAX,1,12,nfl:gsis:00-0036196,19398,stable,exact_name,0.95,data/raw/espn_cheat_sheets/espn_salary_cap_values_2024_non_ppr.pdf,922bcb5deda390a123693e0245e7a3219ea09876bf35367bde897c44e69eec1d
2024,espn,non_ppr,10,200,258,TE,27,Isaiah Likely,BAL,0,14,nfl:gsis:00-0037838,23781,stable,exact_name,0.95,data/raw/espn_cheat_sheets/espn_salary_cap_values_2024_non_ppr.pdf,922bcb5deda390a123693e0245e7a3219ea09876bf35367bde897c44e69eec1d
2024,espn,non_ppr,10,200,240,RB,69,Justice Hill,BAL,0,14,nfl:gsis:00-0034975,18256,stable,exact_name,0.95,data/raw/espn_cheat_sheets/espn_salary_cap_values_2024_non_ppr.pdf,922bcb5deda390a123693e0245e7a3219ea09876bf35367bde897c44e69eec1d
2024,espn,non_ppr,10,200,138,WR,59,Adam Thielen,CAR,1,11,nfl:gsis:00-0030035,13429,stable,exact_name,0.95,data/raw/espn_cheat_sheets/espn_salary_cap_values_2024_non_ppr.pdf,922bcb5deda390a123693e0245e7a3219ea09876bf35367bde897c44e69eec1d
2024,espn,non_ppr,10,200,259,TE,28,Dawson Knox,BUF,0,12,nfl:gsis:00-0035689,18631,stable,exact_name,0.95,data/raw/espn_cheat_sheets/espn_salary_cap_values_2024_non_ppr.pdf,922bcb5deda390a123693e0245e7a3219ea09876bf35367bde897c44e69eec1d
2024,espn,non_ppr,10,200,241,RB,70,Dameon Pierce,HOU,0,14,nfl:gsis:00-0037258,22947,stable,exact_name,0.95,data/raw/espn_cheat_sheets/espn_salary_cap_values_2024_non_ppr.pdf,922bcb5deda390a123693e0245e7a3219ea09876bf35367bde897c44e69eec1d
2024,espn,non_ppr,10,200,139,WR,60,Rashid Shaheed,NO,1,12,nfl:gsis:00-0037545,24687,stable,exact_name,0.95,data/raw/espn_cheat_sheets/espn_salary_cap_values_2024_non_ppr.pdf,922bcb5deda390a123693e0245e7a3219ea09876bf35367bde897c44e69eec1d
2024,espn,non_ppr,10,200,260,TE,29,Jonnu Smith,MIA,0,6,nfl:gsis:00-0033858,16460,stable,exact_name,0.95,data/raw/espn_cheat_sheets/espn_salary_cap_values_2024_non_ppr.pdf,922bcb5deda390a123693e0245e7a3219ea09876bf35367bde897c44e69eec1d
2024,espn,non_ppr,10,200,242,RB,71,Deuce Vaughn,DAL,0,7,nfl:gsis:00-0038622,22984,stable,exact_name,0.95,data/raw/espn_cheat_sheets/espn_salary_cap_values_2024_non_ppr.pdf,922bcb5deda390a123693e0245e7a3219ea09876bf35367bde897c44e69eec1d
2024,espn,non_ppr,10,200,140,WR,61,Curtis Samuel,BUF,1,12,nfl:gsis:00-0033282,16434,stable,exact_name,0.95,data/raw/espn_cheat_sheets/espn_salary_cap_values_2024_non_ppr.pdf,922bcb5deda390a123693e0245e7a3219ea09876bf35367bde897c44e69eec1d
2024,espn,non_ppr,10,200,289,TE,30,Colby Parkinson,LAR,0,6,nfl:gsis:00-0036244,19372,stable,exact_name,0.95,data/raw/espn_cheat_sheets/espn_salary_cap_values_2024_non_ppr.pdf,922bcb5deda390a123693e0245e7a3219ea09876bf35367bde897c44e69eec1d
2024,espn,non_ppr,10,200,243,RB,72,Trey Sermon,IND,0,14,nfl:gsis:00-0036984,19425,stable,exact_name,0.95,data/raw/espn_cheat_sheets/espn_salary_cap_values_2024_non_ppr.pdf,922bcb5deda390a123693e0245e7a3219ea09876bf35367bde897c44e69eec1d
2024,espn,non_ppr,10,200,141,WR,62,Joshua Palmer,LAC,1,5,nfl:gsis:00-0036988,22845,stable,exact_name,0.95,data/raw/espn_cheat_sheets/espn_salary_cap_values_2024_non_ppr.pdf,922bcb5deda390a123693e0245e7a3219ea09876bf35367bde897c44e69eec1d
2024,espn,non_ppr,10,200,290,TE,31,Mike Gesicki,CIN,0,12,nfl:gsis:00-0034829,17272,stable,exact_name,0.95,data/raw/espn_cheat_sheets/espn_salary_cap_values_2024_non_ppr.pdf,922bcb5deda390a123693e0245e7a3219ea09876bf35367bde897c44e69eec1d
2024,espn,non_ppr,10,200,244,RB,73,Audric Estime,DEN,0,14,nfl:gsis:00-0039373,23054,stable,exact_name,0.95,data/raw/espn_cheat_sheets/espn_salary_cap_values_2024_non_ppr.pdf,922bcb5deda390a123693e0245e7a3219ea09876bf35367bde897c44e69eec1d
2024,espn,non_ppr,10,200,147,WR,63,Adonai Mitchell,IND,1,14,nfl:gsis:00-0039890,24357,stable,exact_name,0.95,data/raw/espn_cheat_sheets/espn_salary_cap_values_2024_non_ppr.pdf,922bcb5deda390a123693e0245e7a3219ea09876bf35367bde897c44e69eec1d
2024,espn,non_ppr,10,200,291,TE,32,Ben Sinnott,WAS,0,14,nfl:gsis:00-0039912,26310,stable,exact_name,0.95,data/raw/espn_cheat_sheets/espn_salary_cap_values_2024_non_ppr.pdf,922bcb5deda390a123693e0245e7a3219ea09876bf35367bde897c44e69eec1d
2024,espn,non_ppr,10,200,245,RB,74,Eric Gray,NYG,0,11,nfl:gsis:00-0038396,23075,stable,exact_name,0.95,data/raw/espn_cheat_sheets/espn_salary_cap_values_2024_non_ppr.pdf,922bcb5deda390a123693e0245e7a3219ea09876bf35367bde897c44e69eec1d
2024,espn,non_ppr,10,200,148,WR,64,Michael Wilson,ARI,1,11,nfl:gsis:00-0038559,25333,stable,exact_name,0.95,data/raw/espn_cheat_sheets/espn_salary_cap_values_2024_non_ppr.pdf,922bcb5deda390a123693e0245e7a3219ea09876bf35367bde897c44e69eec1d
2024,espn,non_ppr,10,200,292,TE,33,Theo Johnson,NYG,0,11,nfl:gsis:00-0039847,23104,stable,exact_name,0.95,data/raw/espn_cheat_sheets/espn_salary_cap_values_2024_non_ppr.pdf,922bcb5deda390a123693e0245e7a3219ea09876bf35367bde897c44e69eec1d
2024,espn,non_ppr,10,200,246,RB,75,Roschon Johnson,CHI,0,7,nfl:gsis:00-0039021,25322,stable,exact_name,0.95,data/raw/espn_cheat_sheets/espn_salary_cap_values_2024_non_ppr.pdf,922bcb5deda390a123693e0245e7a3219ea09876bf35367bde897c44e69eec1d
2024,espn,non_ppr,10,200,149,WR,65,Xavier Legette,CAR,1,11,nfl:gsis:00-0039342,26136,stable,exact_name,0.95,data/raw/espn_cheat_sheets/espn_salary_cap_values_2024_non_ppr.pdf,922bcb5deda390a123693e0245e7a3219ea09876bf35367bde897c44e69eec1d
2024,espn,non_ppr,10,200,293,TE,34,Kylen Granson,IND,0,14,nfl:gsis:00-0036876,22841,stable,exact_name,0.95,data/raw/espn_cheat_sheets/espn_salary_cap_values_2024_non_ppr.pdf,922bcb5deda390a123693e0245e7a3219ea09876bf35367bde897c44e69eec1d
2024,espn,non_ppr,10,200,247,RB,76,Isaiah Davis,NYJ,0,12,nfl:gsis:00-0039798,25977,stable,exact_name,0.95,data/raw/espn_cheat_sheets/espn_salary_cap_values_2024_non_ppr.pdf,922bcb5deda390a123693e0245e7a3219ea09876bf35367bde897c44e69eec1d
2024,espn,non_ppr,10,200,150,WR,66,Romeo Doubs,GB,1,10,nfl:gsis:00-0037816,23794,stable,exact_name,0.95,data/raw/espn_cheat_sheets/espn_salary_cap_values_2024_non_ppr.pdf,922bcb5deda390a123693e0245e7a3219ea09876bf35367bde897c44e69eec1d
2024,espn,non_ppr,10,200,311,TE,35,Gerald Everett,CHI,0,7,nfl:gsis:00-0033895,16459,stable,exact_name,0.95,data/raw/espn_cheat_sheets/espn_salary_cap_values_2024_non_ppr.pdf,922bcb5deda390a123693e0245e7a3219ea09876bf35367bde897c44e69eec1d
2024,espn,non_ppr,10,200,248,RB,77,Emanuel Wilson,GB,0,10,nfl:gsis:00-0038797,25885,stable,exact_name,0.95,data/raw/espn_cheat_sheets/espn_salary_cap_values_2024_non_ppr.pdf,922bcb5deda390a123693e0245e7a3219ea09876bf35367bde897c44e69eec1d
2024,espn,non_ppr,10,200,151,WR,67,Dontayvion Wicks,GB,1,10,nfl:gsis:00-0038393,24354,stable,exact_name,0.95,data/raw/espn_cheat_sheets/espn_salary_cap_values_2024_non_ppr.pdf,922bcb5deda390a123693e0245e7a3219ea09876bf35367bde897c44e69eec1d
